a.1,a.2,a.3,a.4,a.5,b.1,b.2,b.3,b.4,b.5,b.6,b.7,b.8,mu_a,mu_b,sigma_a,sigma_b,sigma_y,y_hat.1,y_hat.2,y_hat.3,y_hat.4,y_hat.5,y_hat.6,y_hat.7,y_hat.8,y_hat.9,y_hat.10,y_hat.11,y_hat.12,y_hat.13,y_hat.14,y_hat.15,y_hat.16,y_hat.17,y_hat.18,y_hat.19,y_hat.20,y_hat.21,y_hat.22,y_hat.23,y_hat.24,y_hat.25,y_hat.26,y_hat.27,y_hat.28,y_hat.29,y_hat.30,y_hat.31,y_hat.32,y_hat.33,y_hat.34,y_hat.35,y_hat.36,y_hat.37,y_hat.38,y_hat.39,y_hat.40
5.6818614886,5.68118948689,5.6914661581,5.68594301222,5.69793975476,-5.37316500092,-5.55953885305,-5.15768293768,-5.48420443854,-5.19654805281,-4.91968768166,-5.576707556,-4.86526525829,0.569375477197,-0.528796726974,0.0101359521201,0.339776008433,0.318188188524,0.308696487676,0.122322635552,0.524178550914,0.197657050054,0.485313435783,0.762173806939,0.1051539326,0.816596230305,0.308024485971,0.121650633847,0.523506549208,0.196985048349,0.484641434078,0.761501805233,0.104481930894,0.8159242286,0.318301157179,0.131927305054,0.533783220416,0.207261719556,0.494918105286,0.771778476441,0.114758602102,0.826200899808,0.312778011296,0.126404159171,0.528260074533,0.201738573673,0.489394959402,0.766255330558,0.109235456219,0.820677753925,0.324774753837,0.138400901712,0.540256817074,0.213735316214,0.501391701943,0.778252073099,0.12123219876,0.832674496466
5.69037254903,5.69673908905,5.6883579699,5.69199415769,5.68035057462,-5.42423825589,-5.54794401132,-5.13143783034,-5.50079648322,-5.09195051117,-4.85859135372,-5.4743675003,-4.85267360437,0.569505768542,-0.523165177566,0.0123435225805,0.366145153331,0.321960212563,0.266134293137,0.142428537713,0.558934718685,0.189576065809,0.598422037858,0.831781195312,0.216005048734,0.837698944657,0.272500833152,0.148795077728,0.5653012587,0.195942605824,0.604788577873,0.838147735327,0.222371588749,0.844065484672,0.264119714002,0.140413958578,0.55692013955,0.187561486674,0.596407458723,0.829766616177,0.213990469599,0.835684365522,0.267755901798,0.144050146374,0.560556327346,0.19119767447,0.600043646519,0.833402803973,0.217626657395,0.839320553318,0.256112318724,0.1324065633,0.548912744272,0.179554091396,0.588400063445,0.821759220899,0.205983074321,0.827676970244
5.67681134582,5.676123748,5.68375801791,5.67326061829,5.68901424777,-5.3849985236,-5.49821360446,-5.20947209452,-5.35741527859,-5.09166755065,-4.89080868786,-5.50148077994,-4.81234758229,0.568317430836,-0.529175098546,0.0120428989615,0.378651367077,0.308676806204,0.291812822212,0.178597741359,0.467339251298,0.319396067229,0.585143795163,0.786002657958,0.175330565876,0.864463763531,0.291125224392,0.177910143538,0.466651653478,0.318708469408,0.584456197343,0.785315060138,0.174642968055,0.86377616571,0.298759494305,0.185544413451,0.474285923391,0.326342739321,0.592090467256,0.79294933005,0.182277237968,0.871410435623,0.28826209469,0.175047013836,0.463788523776,0.315845339706,0.581593067641,0.782451930436,0.171779838353,0.860913036008,0.304015724171,0.190800643317,0.479542153257,0.331598969187,0.597346697122,0.798205559916,0.187533467834,0.876666665489
5.67681134582,5.676123748,5.68375801791,5.67326061829,5.68901424777,-5.3849985236,-5.49821360446,-5.20947209452,-5.35741527859,-5.09166755065,-4.89080868786,-5.50148077994,-4.81234758229,0.568317430836,-0.529175098546,0.0120428989615,0.378651367077,0.308676806204,0.291812822212,0.178597741359,0.467339251298,0.319396067229,0.585143795163,0.786002657958,0.175330565876,0.864463763531,0.291125224392,0.177910143538,0.466651653478,0.318708469408,0.584456197343,0.785315060138,0.174642968055,0.86377616571,0.298759494305,0.185544413451,0.474285923391,0.326342739321,0.592090467256,0.79294933005,0.182277237968,0.871410435623,0.28826209469,0.175047013836,0.463788523776,0.315845339706,0.581593067641,0.782451930436,0.171779838353,0.860913036008,0.304015724171,0.190800643317,0.479542153257,0.331598969187,0.597346697122,0.798205559916,0.187533467834,0.876666665489
5.69401903127,5.71460677237,5.69469445553,5.68697478018,5.7047281684,-5.25933498318,-5.52105574626,-5.27614370565,-5.31782479717,-5.19581518635,-4.87715163887,-5.48103682229,-4.74355455692,0.569662251679,-0.509780147844,0.0140637293496,0.535604536959,0.305975467637,0.434684048086,0.172963285008,0.417875325616,0.376194234099,0.49820384492,0.816867392395,0.212982208981,0.950464474351,0.455271789185,0.193551026107,0.438463066715,0.396781975199,0.518791586019,0.837455133495,0.23356995008,0.97105221545,0.435359472348,0.17363870927,0.418550749878,0.376869658362,0.498879269182,0.817542816658,0.213657633243,0.951139898613,0.427639796992,0.165919033915,0.410831074523,0.369149983006,0.491159593827,0.809823141302,0.205937957888,0.943420223258,0.445393185213,0.183672422135,0.428584462743,0.386903371226,0.508912982047,0.827576529522,0.223691346108,0.961173611478
5.70404754188,5.71111001492,5.70498856767,5.71618549448,5.68906119512,-5.32223159487,-5.47527630256,-5.24249636238,-5.62725245801,-5.23559398427,-4.68323123891,-5.46967894118,-4.8912924276,0.571386595179,-0.537615335751,0.0121409777585,0.383755230562,0.231116067613,0.381815947008,0.228771239318,0.461551179505,0.0767950838716,0.468453557617,1.02081630297,0.234368600705,0.81275511428,0.388878420048,0.235833712358,0.468613652545,0.0838575569113,0.475516030657,1.02787877601,0.241431073744,0.81981758732,0.382756972796,0.229712265106,0.462492205293,0.0777361096594,0.469394583405,1.02175732876,0.235309626492,0.813696140068,0.393953899608,0.240909191917,0.473689132105,0.0889330364709,0.480591510216,1.03295425557,0.246506553304,0.82489306688,0.366829600242,0.213784892552,0.446564832739,0.0618087371056,0.453467210851,1.00582995621,0.219382253939,0.797768767514
5.70404754188,5.71111001492,5.70498856767,5.71618549448,5.68906119512,-5.32223159487,-5.47527630256,-5.24249636238,-5.62725245801,-5.23559398427,-4.68323123891,-5.46967894118,-4.8912924276,0.571386595179,-0.537615335751,0.0121409777585,0.383755230562,0.231116067613,0.381815947008,0.228771239318,0.461551179505,0.0767950838716,0.468453557617,1.02081630297,0.234368600705,0.81275511428,0.388878420048,0.235833712358,0.468613652545,0.0838575569113,0.475516030657,1.02787877601,0.241431073744,0.81981758732,0.382756972796,0.229712265106,0.462492205293,0.0777361096594,0.469394583405,1.02175732876,0.235309626492,0.813696140068,0.393953899608,0.240909191917,0.473689132105,0.0889330364709,0.480591510216,1.03295425557,0.246506553304,0.82489306688,0.366829600242,0.213784892552,0.446564832739,0.0618087371056,0.453467210851,1.00582995621,0.219382253939,0.797768767514
5.71436721092,5.70353124624,5.73182380586,5.7013705634,5.71700044534,-5.48509184127,-5.48919951908,-5.22376374582,-5.50929031407,-5.25918370213,-4.79308056275,-5.53247273431,-5.09164991209,0.570834969061,-0.547613273735,0.0173126705324,0.377888066589,0.242853816461,0.229275369654,0.225167691843,0.490603465107,0.205076896854,0.455183508794,0.921286648175,0.181894476616,0.622717298829,0.218439404969,0.214331727158,0.479767500422,0.19424093217,0.444347544109,0.910450683491,0.171058511931,0.611881334144,0.246731964595,0.242624286783,0.508060060048,0.222533491795,0.472640103735,0.938743243116,0.199351071557,0.64017389377,0.216278722135,0.212171044323,0.477606817588,0.192080249335,0.442186861275,0.908290000656,0.168897829097,0.60972065131,0.231908604073,0.227800926261,0.493236699526,0.207710131273,0.457816743213,0.923919882594,0.184527711035,0.625350533248
5.71072532299,5.73735735443,5.7023497534,5.74809846383,5.73008133045,-5.4892027588,-5.51831918873,-5.33512105374,-5.56479683689,-5.13591016018,-4.76282853254,-5.56066871316,-5.04773922095,0.573734978618,-0.549164445658,0.0137258015733,0.391348931409,0.237380529495,0.221522564194,0.192406134267,0.375604269258,0.145928486103,0.574815162819,0.947896790456,0.15005660983,0.66298610204,0.248154595633,0.219038165706,0.402236300697,0.172560517542,0.601447194258,0.974528821895,0.176688641269,0.689618133479,0.213146994598,0.184030564671,0.367228699661,0.137552916507,0.566439593223,0.939521220859,0.141681040234,0.654610532443,0.258895705027,0.2297792751,0.41297741009,0.183301626936,0.612188303652,0.985269931288,0.187429750663,0.700359242872,0.24087857165,0.211762141723,0.394960276713,0.165284493559,0.594171170275,0.967252797911,0.169412617285,0.682342109495
5.74400500205,5.71792777592,5.75718511878,5.72608086588,5.74317588301,-5.39401858992,-5.64531536391,-5.40491069452,-5.60196775885,-5.32834174401,-4.86159056157,-5.55660522965,-5.05003174445,0.575167158206,-0.543856751638,0.0126393393327,0.384901678707,0.226470406534,0.349986412134,0.0986896381458,0.339094307529,0.142037243205,0.415663258039,0.882414440482,0.187399772405,0.693973257604,0.323909186006,0.0726124120178,0.313017081401,0.115960017077,0.389586031911,0.856337214354,0.161322546277,0.667896031476,0.36316652886,0.111869754872,0.352274424255,0.155217359931,0.428843374766,0.895594557208,0.200579889131,0.70715337433,0.332062275962,0.0807655019741,0.321170171358,0.124113107034,0.397739121868,0.86449030431,0.169475636233,0.676049121432,0.349157293092,0.097860519104,0.338265188487,0.141208124163,0.414834138997,0.88158532144,0.186570653363,0.693144138562
5.78452562967,5.81531192948,5.8013210858,5.75336976691,5.79508147008,-5.42568498715,-5.66149297513,-5.22427998334,-5.49127685722,-5.37254072362,-4.82718090502,-5.65280715722,-4.6850129781,0.577435773154,-0.53038780828,0.0302737088817,0.357124012071,0.232175695934,0.358840642528,0.123032654548,0.560245646337,0.293248772451,0.411984906051,0.957344724656,0.131718472453,1.09951265157,0.389626942331,0.153818954351,0.591031946139,0.324035072254,0.442771205854,0.988131024458,0.162504772256,1.13029895138,0.375636098651,0.139828110671,0.577041102459,0.310044228574,0.428780362174,0.974140180778,0.148513928576,1.1163081077,0.327684779761,0.0918767917805,0.529089783569,0.262092909684,0.380829043284,0.926188861888,0.100562609686,1.06835678881,0.369396482933,0.133588494953,0.570801486741,0.303804612856,0.422540746456,0.96790056506,0.142274312858,1.11006849198
5.78452562967,5.81531192948,5.8013210858,5.75336976691,5.79508147008,-5.42568498715,-5.66149297513,-5.22427998334,-5.49127685722,-5.37254072362,-4.82718090502,-5.65280715722,-4.6850129781,0.577435773154,-0.53038780828,0.0302737088817,0.357124012071,0.232175695934,0.358840642528,0.123032654548,0.560245646337,0.293248772451,0.411984906051,0.957344724656,0.131718472453,1.09951265157,0.389626942331,0.153818954351,0.591031946139,0.324035072254,0.442771205854,0.988131024458,0.162504772256,1.13029895138,0.375636098651,0.139828110671,0.577041102459,0.310044228574,0.428780362174,0.974140180778,0.148513928576,1.1163081077,0.327684779761,0.0918767917805,0.529089783569,0.262092909684,0.380829043284,0.926188861888,0.100562609686,1.06835678881,0.369396482933,0.133588494953,0.570801486741,0.303804612856,0.422540746456,0.96790056506,0.142274312858,1.11006849198
5.7700937648,5.78691645199,5.78669012121,5.76513771637,5.76787329616,-5.50680576221,-5.69192386428,-5.28073516864,-5.52532163003,-5.25828111307,-4.88995315824,-5.76853355411,-4.71011051627,0.580168733795,-0.531788284602,0.0335534721696,0.372612852586,0.226657455503,0.26328800259,0.078169900518,0.489358596161,0.244772134773,0.511812651727,0.88014060656,0.00156021069336,1.05998324853,0.280110689784,0.0949925877115,0.506181283355,0.261594821967,0.52863533892,0.896963293753,0.0183828978869,1.07680593572,0.279884358995,0.0947662569229,0.505954952566,0.261368491178,0.528409008132,0.896736962965,0.0181565670983,1.07657960493,0.258331954164,0.0732138520918,0.484402547735,0.239816086347,0.506856603301,0.875184558134,-0.0033958377328,1.0550272001,0.261067533951,0.0759494318789,0.487138127522,0.242551666134,0.509592183088,0.877920137921,-0.000660257945719,1.05776277989
5.7700937648,5.78691645199,5.78669012121,5.76513771637,5.76787329616,-5.50680576221,-5.69192386428,-5.28073516864,-5.52532163003,-5.25828111307,-4.88995315824,-5.76853355411,-4.71011051627,0.580168733795,-0.531788284602,0.0335534721696,0.372612852586,0.226657455503,0.26328800259,0.078169900518,0.489358596161,0.244772134773,0.511812651727,0.88014060656,0.00156021069336,1.05998324853,0.280110689784,0.0949925877115,0.506181283355,0.261594821967,0.52863533892,0.896963293753,0.0183828978869,1.07680593572,0.279884358995,0.0947662569229,0.505954952566,0.261368491178,0.528409008132,0.896736962965,0.0181565670983,1.07657960493,0.258331954164,0.0732138520918,0.484402547735,0.239816086347,0.506856603301,0.875184558134,-0.0033958377328,1.0550272001,0.261067533951,0.0759494318789,0.487138127522,0.242551666134,0.509592183088,0.877920137921,-0.000660257945719,1.05776277989
5.76463817253,5.78847102341,5.75120168558,5.75602049244,5.8294377348,-5.50273447616,-5.66047739167,-5.37119326781,-5.4794816508,-5.42337366237,-4.89454420814,-5.69991198875,-4.76755188115,0.575310621108,-0.527807971046,0.0341503945381,0.421786879958,0.214953898597,0.261903696367,0.10416078086,0.393444904722,0.285156521734,0.341264510164,0.870093964395,0.0647261837798,0.997086291383,0.285736547243,0.127993631736,0.417277755598,0.308989372611,0.365097361041,0.893926815271,0.0885590346565,1.02091914226,0.24846720942,0.0907242939136,0.380008417776,0.271720034788,0.327828023218,0.856657477449,0.0512896968336,0.983649804437,0.253286016278,0.095543100771,0.384827224633,0.276538841646,0.332646830075,0.861476284306,0.0561085036911,0.988468611294,0.326703258641,0.168960343134,0.458244466996,0.349956084008,0.406064072438,0.934893526669,0.129525746054,1.06188585366
5.72229389247,5.72226516356,5.70537674889,5.69304311977,5.72853079615,-5.26487631002,-5.54655764118,-5.25964165745,-5.64615242468,-5.24005561078,-4.67475223534,-5.5003213298,-4.8564064335,0.570035369794,-0.523985567132,0.0139902828497,0.361997681974,0.248776924181,0.457417582448,0.175736251288,0.462652235021,0.0761414677891,0.482238281686,1.04754165713,0.221972562666,0.865887458964,0.457388853541,0.175707522381,0.462623506113,0.076112738882,0.482209552779,1.04751292822,0.221943833759,0.865858730057,0.440500438871,0.158819107711,0.445735091443,0.0592243242113,0.465321138108,1.03062451355,0.205055419088,0.848970315387,0.428166809752,0.146485478592,0.433401462324,0.0468906950929,0.45298750899,1.01829088443,0.19272178997,0.836636686268,0.463654486137,0.181973154977,0.468889138709,0.0823783714778,0.488475185375,1.05377856082,0.228209466355,0.872124362653
5.7035114789,5.69477793981,5.75846680863,5.73099025556,5.72359467848,-5.1655963769,-5.66874566577,-5.3243029555,-5.67911544515,-5.35544626512,-4.75876807035,-5.52438301899,-4.95203871856,0.571919652028,-0.527490800476,0.0196743889272,0.40546755969,0.243438466485,0.537915101996,0.0347658131264,0.379208523399,0.0243960337481,0.348065213778,0.944743408545,0.179128459902,0.751472760336,0.529181562907,0.0260322740372,0.370474984309,0.0156624946589,0.339331674689,0.936009869456,0.170394920813,0.742739221247,0.592870431727,0.0897211428568,0.434163853129,0.0793513634786,0.403020543508,0.999698738275,0.234083789632,0.806428090066,0.565393878657,0.0622445897871,0.406687300059,0.0518748104089,0.375543990439,0.972222185205,0.206607236563,0.778951536997,0.557998301582,0.0548490127126,0.399291722985,0.0444792333343,0.368148413364,0.964826608131,0.199211659488,0.771555959922
5.6824132763,5.73736143139,5.70115556209,5.70881694293,5.71671424747,-5.40530271961,-5.4753901274,-5.29229024041,-5.60384993709,-5.2879067013,-4.76171675857,-5.49674161996,-4.8270952582,0.570983357238,-0.535189196637,0.0122016461679,0.385136720391,0.250130164162,0.277110556693,0.207023148896,0.390123035893,0.0785633392082,0.394506575001,0.920696517733,0.18567165634,0.855318018102,0.332058711786,0.261971303988,0.445071190985,0.133511494301,0.449454730093,0.975644672826,0.240619811432,0.910266173195,0.29585284248,0.225765434683,0.40886532168,0.0973056249952,0.413248860788,0.93943880352,0.204413942127,0.874060303889,0.303514223326,0.233426815528,0.416526702525,0.10496700584,0.420910241633,0.947100184365,0.212075322972,0.881721684734,0.311411527862,0.241324120065,0.424424007062,0.112864310377,0.42880754617,0.954997488902,0.219972627509,0.889618989271
5.73687208556,5.67717413215,5.71940919041,5.70429328535,5.70954790315,-5.40452385831,-5.48606027654,-5.3082949225,-5.62067798894,-5.39598009973,-4.66866937146,-5.56769043783,-4.85694326544,0.571010617469,-0.531444579851,0.012337793317,0.361208333643,0.255164098184,0.33234822725,0.250811809026,0.428577163066,0.116194096627,0.340891985834,1.06820271411,0.169181647733,0.879928820123,0.272650273839,0.191113855615,0.368879209656,0.0564961432166,0.281194032424,1.00850476069,0.109483694322,0.820230866712,0.314885332091,0.233348913867,0.411114267908,0.0987312014685,0.323429090676,1.05073981895,0.151718752574,0.862465924964,0.299769427038,0.218233008814,0.395998362855,0.0836152964154,0.308313185623,1.03562391389,0.136602847521,0.847350019911,0.305024044834,0.223487626609,0.40125298065,0.0888699142112,0.313567803418,1.04087853169,0.141857465317,0.852604637707
5.69955482988,5.66044798195,5.70272304464,5.67376115673,5.69135612474,-5.19684068134,-5.54760278463,-5.33199856319,-5.45448600739,-5.17867015971,-4.72726794991,-5.4188072998,-4.74808843465,0.569069176467,-0.525271143959,0.0118146273198,0.387199379845,0.217974075542,0.502714148533,0.151952045244,0.367556266689,0.245068822484,0.520884670169,0.972286879966,0.280747530076,0.951466395227,0.463607300612,0.112845197323,0.328449418768,0.205961974563,0.481777822248,0.933180032045,0.241640682155,0.912359547306,0.505882363298,0.155120260009,0.370724481454,0.24823703725,0.524052884935,0.975455094731,0.283915744841,0.954634609992,0.476920475388,0.126158372099,0.341762593544,0.219275149339,0.495090997024,0.946493206821,0.254953856931,0.925672722082,0.494515443401,0.143753340111,0.359357561557,0.236870117352,0.512685965037,0.964088174833,0.272548824944,0.943267690095
5.65537252048,5.68896545249,5.66037220346,5.67516504546,5.66756677643,-5.31496595796,-5.51838591353,-5.30001690158,-5.42984960124,-5.17905286042,-4.69326177805,-5.4112361615,-4.80249315677,0.566788744581,-0.518039072519,0.0156988664554,0.411289940822,0.215841157802,0.340406562521,0.136986606947,0.3553556189,0.225522919241,0.476319660063,0.962110742424,0.244136358975,0.852879363713,0.373999494535,0.17057953896,0.388948550914,0.259115851255,0.509912592077,0.995703674437,0.277729290989,0.886472295727,0.3454062455,0.141986289926,0.360355301879,0.23052260222,0.481319343042,0.967110425403,0.249136041954,0.857879046692,0.360199087506,0.156779131931,0.375148143885,0.245315444225,0.496112185048,0.981903267408,0.26392888396,0.872671888697,0.352600818476,0.149180862901,0.367549874854,0.237717175195,0.488513916017,0.974304998378,0.25633061493,0.865073619667
5.69672986148,5.71856910418,5.71932108118,5.71517865888,5.70798420028,-5.43822719096,-5.50975372942,-5.07072688847,-5.47409388931,-5.16666712988,-4.75897828675,-5.52132234168,-4.72955537257,0.571386446643,-0.556493122819,0.00959963623891,0.442496739958,0.207304248124,0.25850267052,0.186976132059,0.626002973016,0.222635972168,0.530062731606,0.937751574732,0.175407519798,0.967174488913,0.280341913218,0.208815374757,0.647842215715,0.244475214866,0.551901974305,0.959590817431,0.197246762496,0.989013731611,0.28109389022,0.209567351759,0.648594192716,0.245227191868,0.552653951306,0.960342794432,0.197998739498,0.989765708613,0.276951467923,0.205424929462,0.64445177042,0.241084769571,0.548511529009,0.956200372135,0.193856317201,0.985623286316,0.269757009316,0.198230470855,0.637257311812,0.233890310963,0.541317070402,0.949005913528,0.186661858593,0.978428827708
5.71663960521,5.71065540726,5.70424642372,5.70958249399,5.72124607017,-5.51536837594,-5.50093499316,-5.2766568049,-5.44501331263,-5.21751222383,-4.77035740322,-5.47565191516,-4.7847422413,0.571854683667,-0.555140787088,0.00819918945488,0.491579312801,0.201923852978,0.201271229273,0.215704612049,0.439982800308,0.271626292581,0.499127381376,0.946282201986,0.24098769005,0.93189736391,0.195287031322,0.209720414098,0.433998602357,0.26564209463,0.493143183425,0.940298004034,0.235003492099,0.925913165959,0.18887804778,0.203311430556,0.427589618815,0.259233111088,0.486734199883,0.933889020493,0.228594508557,0.919504182417,0.194214118054,0.20864750083,0.432925689089,0.264569181363,0.492070270157,0.939225090767,0.233930578832,0.924840252691,0.205877694235,0.220311077011,0.44458926527,0.276232757544,0.503733846338,0.950888666948,0.245594155013,0.936503828872
5.72790433393,5.71947551547,5.70741316285,5.71262638847,5.71063149162,-5.36384036073,-5.52260818859,-5.30808665283,-5.41334441415,-5.23246628963,-4.81029712282,-5.53551827162,-4.76221434532,0.571394277625,-0.551450108873,0.00624435329723,0.471683501834,0.195371591498,0.364063973199,0.205296145339,0.419817681099,0.314559919778,0.495438044301,0.917607211112,0.192386062307,0.965689988617,0.355635154739,0.196867326879,0.41138886264,0.306131101319,0.487009225841,0.909178392652,0.183957243848,0.957261170157,0.343572802112,0.184804974252,0.399326510012,0.294068748691,0.474946873214,0.897116040024,0.17189489122,0.94519881753,0.348786027739,0.190018199878,0.404539735639,0.299281974318,0.480160098841,0.902329265651,0.177108116847,0.950412043157,0.346791130884,0.188023303024,0.402544838784,0.297287077463,0.478165201986,0.900334368796,0.175113219992,0.948417146302
5.73201605795,5.72586493818,5.70984365734,5.72686718016,5.71352828391,-5.36362582438,-5.54713167965,-5.35762349383,-5.42900024063,-5.32332189629,-4.88650566094,-5.56949012271,-4.7177646042,0.572077399282,-0.545451135892,0.00622206753389,0.511816616639,0.194612348287,0.36839023357,0.184884378301,0.374392564115,0.303015817315,0.408694161653,0.845510397007,0.162525935238,1.01425145375,0.362239113802,0.178733258533,0.368241444347,0.296864697547,0.402543041885,0.839359277239,0.15637481547,1.00810033398,0.346217832964,0.162711977696,0.35222016351,0.280843416709,0.386521761047,0.823337996401,0.140353534632,0.992079053144,0.36324135578,0.179735500511,0.369243686325,0.297866939525,0.403545283863,0.840361519217,0.157377057448,1.00910257596,0.349902459534,0.166396604266,0.35590479008,0.284528043279,0.390206387617,0.827022622971,0.144038161202,0.995763679714
5.74767348631,5.75720929947,5.74076334553,5.74594912524,5.74299435844,-5.32525504995,-5.49432103028,-5.31202484318,-5.56068842739,-5.31224673756,-4.71261502755,-5.68854882284,-5.00589858922,0.574867498334,-0.541450843938,0.00553096433332,0.529375004051,0.190414160769,0.422418436354,0.253352456026,0.43564864313,0.18698505892,0.43542674875,1.03505845876,0.0591246634661,0.741774897083,0.431954249513,0.262888269184,0.445184456289,0.196520872078,0.444962561908,1.04459427191,0.0686604766245,0.751310710241,0.415508295578,0.246442315249,0.428738502353,0.180074918143,0.428516607973,1.02814831798,0.0522145226892,0.734864756306,0.420694075284,0.251628094955,0.43392428206,0.185260697849,0.433702387679,1.03333409768,0.0574003023957,0.740050536013,0.417739308487,0.248673328158,0.430969515262,0.182305931052,0.430747620882,1.03037933089,0.0544455355982,0.737095769215
5.74817784054,5.7441245848,5.75274175365,5.7431355438,5.75520318771,-5.57526655481,-5.53890422242,-5.30906779922,-5.48769451149,-5.33408221312,-4.82476056614,-5.58289561338,-5.03279775738,0.574757806158,-0.525492439864,0.00450903461768,0.650431210171,0.18138283004,0.172911285731,0.209273618123,0.439110041325,0.260483329057,0.414095627425,0.923417274405,0.165282227167,0.71538008316,0.168858029987,0.20522036238,0.435056785582,0.256430073314,0.410042371682,0.919364018661,0.161228971423,0.711326827417,0.177475198837,0.213837531229,0.443673954431,0.265047242163,0.418659540531,0.92798118751,0.169846140273,0.719943996266,0.167868988986,0.204231321378,0.43406774458,0.255441032312,0.40905333068,0.91837497766,0.160239930422,0.710337786415,0.179936632901,0.216298965293,0.446135388495,0.267508676227,0.421120974595,0.930442621575,0.172307574337,0.72240543033
5.84084362203,5.83735301784,5.8458172524,5.84793891331,5.84331462111,-5.26488631121,-5.77015479815,-5.36607685181,-5.66921705113,-5.40557408107,-4.84156881704,-5.64204536272,-4.69033366521,0.58425202457,-0.510727737247,0.00443330951829,0.322211283118,0.239250002967,0.575957310817,0.0706888238734,0.474766770218,0.171626570896,0.43526954096,0.999274804987,0.1987982593,1.15050995681,0.572466706634,0.0671982196908,0.471276166036,0.168135966714,0.431778936777,0.995784200804,0.195307655118,1.14701935263,0.580930941195,0.0756624542514,0.479740400596,0.176600201275,0.440243171338,1.00424843537,0.203771889678,1.15548358719,0.583052602101,0.0777841151573,0.481862061502,0.17872186218,0.442364832244,1.00637009627,0.205893550584,1.1576052481,0.578428309897,0.0731598229538,0.477237769299,0.174097569977,0.43774054004,1.00174580407,0.201269258381,1.15298095589
5.78846792803,5.79286459193,5.78580149626,5.79740924372,5.78810004817,-5.40325396473,-5.79600807301,-5.31248469221,-5.51517374257,-5.23450268765,-4.78300959675,-5.50131213479,-4.86198554301,0.579070335196,-0.528117031283,0.00458752797539,0.30568800386,0.236579217773,0.385213963304,-0.00754014497649,0.475983235818,0.27329418546,0.553965240379,1.00545833128,0.287155793239,0.926482385024,0.389610627201,-0.00314348107888,0.480379899716,0.277690849358,0.558361904276,1.00985499518,0.291552457136,0.930879048922,0.382547531533,-0.0102065767469,0.473316804048,0.27062775369,0.551298808608,1.00279189951,0.284489361468,0.923815953254,0.394155278995,0.00140117071512,0.48492455151,0.282235501152,0.56290655607,1.01439964697,0.29609710893,0.935423700716,0.384846083443,-0.00790802483752,0.475615355957,0.272926305599,0.553597360518,1.00509045142,0.286787913378,0.926114505163
5.77805857116,5.77541891831,5.77939375928,5.78502674767,5.78554612269,-5.52887053725,-5.60874060525,-5.3142002442,-5.68490894061,-5.46728527505,-4.87545084356,-5.78781040109,-4.95534926474,0.578303212846,-0.555561500435,0.00274008472801,0.274662624744,0.204359210923,0.249188033905,0.169317965912,0.463858326956,0.0931496305436,0.310773296103,0.902607727599,-0.00975182993703,0.82270930642,0.246548381062,0.166678313069,0.461218674112,0.0905099777005,0.30813364326,0.899968074756,-0.0123914827801,0.820069653577,0.250523222023,0.17065315403,0.465193515074,0.0944848186618,0.312108484221,0.903942915717,-0.00841664181884,0.824044494538,0.256156210416,0.176286142422,0.470826503466,0.100117807054,0.317741472613,0.90957590411,-0.00278365342671,0.82967748293,0.256675585438,0.176805517444,0.471345878488,0.100637182076,0.318260847635,0.910095279132,-0.00226427840472,0.830196857952
5.77805857116,5.77541891831,5.77939375928,5.78502674767,5.78554612269,-5.52887053725,-5.60874060525,-5.3142002442,-5.68490894061,-5.46728527505,-4.87545084356,-5.78781040109,-4.95534926474,0.578303212846,-0.555561500435,0.00274008472801,0.274662624744,0.204359210923,0.249188033905,0.169317965912,0.463858326956,0.0931496305436,0.310773296103,0.902607727599,-0.00975182993703,0.82270930642,0.246548381062,0.166678313069,0.461218674112,0.0905099777005,0.30813364326,0.899968074756,-0.0123914827801,0.820069653577,0.250523222023,0.17065315403,0.465193515074,0.0944848186618,0.312108484221,0.903942915717,-0.00841664181884,0.824044494538,0.256156210416,0.176286142422,0.470826503466,0.100117807054,0.317741472613,0.90957590411,-0.00278365342671,0.82967748293,0.256675585438,0.176805517444,0.471345878488,0.100637182076,0.318260847635,0.910095279132,-0.00226427840472,0.830196857952
5.79361928865,5.77749867651,5.79051478814,5.79365934321,5.79313905433,-5.5083795637,-5.66927162384,-5.35812404508,-5.492556044,-5.25069404179,-4.80011145917,-5.79550159431,-4.83382972044,0.578542900099,-0.507446228821,0.00796442437505,0.458666947873,0.19891616917,0.285239724942,0.12434766481,0.43549524357,0.301063244641,0.542925246856,0.99350782948,-0.00188230565991,0.959789568208,0.269119112809,0.108227052678,0.419374631437,0.284942632508,0.526804634723,0.977387217348,-0.0180029177926,0.943668956075,0.282135224437,0.121243164305,0.432390743064,0.297958744135,0.539820746351,0.990403328975,-0.00498680616522,0.956685067703,0.285279779507,0.124387719375,0.435535298135,0.301103299206,0.542965301421,0.993547884045,-0.00184225109509,0.959829622773,0.284759490631,0.1238674305,0.435015009259,0.30058301033,0.542445012545,0.993027595169,-0.00236253997063,0.959309333897
5.79594313806,5.80400916701,5.78871306461,5.79392988583,5.79060763724,-5.56513915877,-5.58569379951,-5.34736787496,-5.52180563465,-5.27614447916,-4.90607647504,-5.74405455493,-4.86457954775,0.579894847775,-0.506337269967,0.00819419869947,0.421586196082,0.190866680484,0.230803979286,0.210249338549,0.448575263101,0.274137503407,0.519798658897,0.889866663023,0.0518885831337,0.931363590306,0.238870008236,0.218315367498,0.45664129205,0.282203532357,0.527864687846,0.897932691973,0.0599546120832,0.939429619255,0.223573905831,0.203019265094,0.441345189646,0.266907429952,0.512568585442,0.882636589568,0.0446585096788,0.924133516851,0.228790727052,0.208236086315,0.446562010867,0.272124251174,0.517785406663,0.887853410789,0.0498753308999,0.929350338072,0.225468478464,0.204913837727,0.443239762278,0.268802002585,0.514463158075,0.884531162201,0.0465530823116,0.926028089484
5.71917781332,5.74262120787,5.72765908913,5.72473863758,5.72115536161,-5.20821735668,-5.66679166747,-5.31046448423,-5.58872989708,-5.22021731129,-4.71174111362,-5.59683284736,-4.82071133781,0.57284275567,-0.531732146738,0.0133190727838,0.417843191614,0.199481953569,0.510960456641,0.0523861458443,0.408713329087,0.130447916234,0.498960502027,1.00743669969,0.122344965954,0.898466475506,0.534403851189,0.0758295403929,0.432156723635,0.153891310783,0.522403896576,1.03088009424,0.145788360502,0.921909870055,0.519441732449,0.0608674216525,0.417194604895,0.138929192043,0.507441777835,1.0159179755,0.130826241762,0.906947751315,0.516521280908,0.0579469701112,0.414274153353,0.136008740501,0.504521326294,1.01299752396,0.127905790221,0.904027299773,0.51293800493,0.0543636941333,0.410690877376,0.132425464523,0.500938050316,1.00941424798,0.124322514243,0.900444023796
5.7231523415,5.70638011324,5.72130074631,5.71495681172,5.73275960987,-5.25383123787,-5.71066084107,-5.22478986662,-5.55176625207,-5.15047499013,-4.72838077692,-5.65995708962,-4.83730356018,0.572223048563,-0.545012222343,0.0104097010303,0.472656538226,0.198702047292,0.469321103621,0.0124915004267,0.498362474873,0.171386089425,0.572677351363,0.99477156458,0.0631952518764,0.885848781313,0.452548875361,-0.00428072783326,0.481590246613,0.154613861165,0.555905123103,0.97799933632,0.0464230236164,0.869076553053,0.467469508432,0.0106399052383,0.496510879684,0.169534494236,0.570825756174,0.992919969392,0.061343656688,0.883997186125,0.461125573847,0.00429597065335,0.490166945099,0.163190559651,0.564481821589,0.986576034807,0.054999722103,0.87765325154,0.478928371996,0.0220987688017,0.507969743247,0.180993357799,0.582284619738,1.00437883296,0.0728025202513,0.895456049688
5.74498887587,5.7104314679,5.72417629365,5.72862690224,5.73756335349,-5.43297414947,-5.66611636144,-5.32009997272,-5.45990058819,-5.44288595817,-4.74766872077,-5.54524910324,-4.73068442115,0.573040776123,-0.527006310781,0.0111799010043,0.480302543014,0.215545820045,0.312014726398,0.0788725144279,0.424888903143,0.285088287676,0.302102917696,0.9973201551,0.199739772625,1.01430445472,0.277457318433,0.0443151064637,0.390331495179,0.250530879712,0.267545509731,0.962762747136,0.165182364661,0.979747046752,0.291202144181,0.0580599322115,0.404076320927,0.26427570546,0.281290335479,0.976507572884,0.178927190409,0.9934918725,0.29565275277,0.0625105407998,0.408526929515,0.268726314048,0.285740944068,0.980958181472,0.183377798997,0.997942481088,0.304589204023,0.0714469920537,0.417463380769,0.277662765302,0.294677395321,0.989894632726,0.192314250251,1.00687893234
5.70520571972,5.74396840877,5.73627276896,5.73399539069,5.72390534832,-5.52999634654,-5.61689797387,-5.28942618241,-5.42003323761,-5.28337575931,-4.73434128251,-5.71824722778,-4.76373481172,0.573361101556,-0.532599888875,0.0138571070407,0.465631589195,0.222539086113,0.175209373178,0.0883077458481,0.415779537306,0.285172482106,0.421829960408,0.970864437208,-0.0130415080559,0.941470907997,0.213972062225,0.127070434895,0.454542226353,0.323935171153,0.460592649455,1.00962712626,0.0257211809912,0.980233597044,0.206276422417,0.119374795087,0.446846586546,0.316239531345,0.452897009647,1.00193148645,0.0180255411834,0.972537957236,0.203999044145,0.117097416815,0.444569208274,0.313962153073,0.450619631375,0.999654108176,0.0157481629114,0.970260578964,0.193909001776,0.107007374447,0.434479165905,0.303872110705,0.440529589007,0.989564065807,0.00565812054282,0.960170536596
5.71129323209,5.74600040392,5.73589434847,5.72730150421,5.72295216411,-5.21946469186,-5.62842085613,-5.28913557176,-5.55114510466,-5.32597823957,-4.82905527293,-5.41906415579,-4.87354061657,0.572244368948,-0.512955651763,0.0105199166926,0.361926426392,0.237196654032,0.491828540222,0.0828723759554,0.422157660326,0.160148127425,0.38531499252,0.882237959155,0.292229076291,0.837752615517,0.526535712053,0.117579547787,0.456864832157,0.194855299256,0.420022164351,0.916945130986,0.326936248122,0.872459787348,0.516429656606,0.10747349234,0.44675877671,0.184749243809,0.409916108904,0.906839075539,0.316830192675,0.862353731901,0.507836812349,0.0988806480825,0.438165932453,0.176156399552,0.401323264647,0.898246231282,0.308237348418,0.853760887644,0.503487472251,0.0945313079841,0.433816592355,0.171807059454,0.396973924548,0.893896891184,0.30388800832,0.849411547546
5.71129323209,5.74600040392,5.73589434847,5.72730150421,5.72295216411,-5.21946469186,-5.62842085613,-5.28913557176,-5.55114510466,-5.32597823957,-4.82905527293,-5.41906415579,-4.87354061657,0.572244368948,-0.512955651763,0.0105199166926,0.361926426392,0.237196654032,0.491828540222,0.0828723759554,0.422157660326,0.160148127425,0.38531499252,0.882237959155,0.292229076291,0.837752615517,0.526535712053,0.117579547787,0.456864832157,0.194855299256,0.420022164351,0.916945130986,0.326936248122,0.872459787348,0.516429656606,0.10747349234,0.44675877671,0.184749243809,0.409916108904,0.906839075539,0.316830192675,0.862353731901,0.507836812349,0.0988806480825,0.438165932453,0.176156399552,0.401323264647,0.898246231282,0.308237348418,0.853760887644,0.503487472251,0.0945313079841,0.433816592355,0.171807059454,0.396973924548,0.893896891184,0.30388800832,0.849411547546
5.71883885397,5.7479239792,5.73719591088,5.73097419426,5.7241562055,-5.24090209687,-5.52027403968,-5.38111039992,-5.61488831478,-5.2706879081,-4.95814055094,-5.45136219401,-4.9050780489,0.572640892115,-0.511033671261,0.0112981972009,0.3868852241,0.242281063709,0.477936757101,0.198564814283,0.337728454052,0.103950539185,0.44815094587,0.760698303026,0.267476659959,0.813760805072,0.507021882329,0.227649939511,0.36681357928,0.133035664413,0.477236071098,0.789783428254,0.296561785187,0.8428459303,0.496293814009,0.216921871191,0.35608551096,0.122307596092,0.466508002778,0.779055359933,0.285833716867,0.83211786198,0.490072097396,0.210700154578,0.349863794347,0.11608587948,0.460286286165,0.772833643321,0.279612000254,0.825896145367,0.483254108634,0.203882165816,0.343045805585,0.109267890718,0.453468297403,0.766015654558,0.272794011492,0.819078156605
5.69062157091,5.70177526254,5.69568114709,5.70756164057,5.686046077,-5.29400331934,-5.55248735947,-5.3513882656,-5.61679300592,-5.35393371709,-4.84566357675,-5.487261747,-4.9123630718,0.570029552098,-0.526578217609,0.0120883029455,0.34902628923,0.26945784195,0.396618251572,0.138134211444,0.339233305308,0.0738285649944,0.336687853825,0.84495799416,0.20335982391,0.778258499115,0.407771943204,0.149287903076,0.35038699694,0.0849822566265,0.347841545457,0.856111685793,0.214513515542,0.789412190747,0.401677827748,0.14319378762,0.344292881483,0.0788881411702,0.341747430001,0.850017570336,0.208419400086,0.783318075291,0.413558321233,0.155074281105,0.356173374969,0.0907686346555,0.353627923486,0.861898063822,0.220299893571,0.795198568776,0.392042757658,0.133558717531,0.334657811394,0.0692530710811,0.332112359911,0.840382500247,0.198784329997,0.773683005202
5.7129028481,5.70324717994,5.71322275699,5.70776379513,5.7256321061,-5.33193062475,-5.48464545646,-5.44640907952,-5.62671075708,-5.27062927616,-4.78410749336,-5.50182840651,-4.83669888628,0.570476480207,-0.532234254955,0.0126734194389,0.391025016513,0.25679415964,0.380972223345,0.228257391632,0.266493768575,0.0861920910149,0.442273571939,0.928795354739,0.211074441588,0.876203961816,0.371316555188,0.218601723476,0.256838100419,0.0765364228581,0.432617903782,0.919139686582,0.201418773432,0.866548293659,0.38129213224,0.228577300527,0.26681367747,0.0865119999094,0.442593480833,0.929115263633,0.211394350483,0.87652387071,0.375833170375,0.223118338663,0.261354715606,0.0810530380452,0.437134518969,0.923656301769,0.205935388619,0.871064908846,0.393701481352,0.240986649639,0.279223026582,0.0989213490218,0.455002829946,0.941524612746,0.223803699595,0.888933219823
5.71214015163,5.72273291888,5.7164719192,5.70912338492,5.70627669148,-5.34760295551,-5.54110518962,-5.44057111195,-5.5841711735,-5.26091518985,-4.82243844537,-5.52604488886,-4.78440434557,0.571082087014,-0.540951155962,0.0110995932216,0.408320929717,0.223231442172,0.364537196128,0.171034962014,0.271569039687,0.127968978134,0.451224961788,0.889701706266,0.186095262772,0.927735806065,0.375129963376,0.181627729262,0.282161806935,0.138561745382,0.461817729035,0.900294473513,0.196688030019,0.938328573312,0.368868963691,0.175366729577,0.27590080725,0.132300745697,0.45555672935,0.894033473828,0.190427030334,0.932067573627,0.361520429419,0.168018195305,0.268552272978,0.124952211424,0.448208195078,0.886684939556,0.183078496062,0.924719039355,0.358673735975,0.165171501861,0.265705579534,0.12210551798,0.445361501634,0.883838246112,0.180231802618,0.921872345911
5.67575033899,5.70101314964,5.67756166749,5.67080955445,5.68955466211,-5.3484841204,-5.60593303981,-5.38091918327,-5.42828888841,-5.23460445422,-4.77883044837,-5.49066749564,-4.75447552876,0.568557933397,-0.553404780294,0.0159904269566,0.355921652823,0.23189963439,0.327266218593,0.0698172991785,0.29483115572,0.247461450579,0.441145884771,0.896919890624,0.185082843349,0.921274810229,0.352529029241,0.0950801098264,0.320093966368,0.272724261227,0.466408695419,0.922182701272,0.210345653997,0.946537620877,0.329077547089,0.0716286276745,0.296642484216,0.249272779075,0.442957213267,0.89873121912,0.186894171845,0.923086138725,0.322325434056,0.064876514642,0.289890371183,0.242520666043,0.436205100234,0.891979106088,0.180142058812,0.916334025692,0.341070541714,0.0836216222993,0.30863547884,0.2612657737,0.454950207891,0.910724213745,0.19888716647,0.93507913335
5.69240723218,5.64885430038,5.67300936357,5.69873031346,5.68169887005,-5.42588094034,-5.64818938673,-5.3000837447,-5.478453254,-5.32433330613,-4.80130954592,-5.52973889894,-4.73788179666,0.567416612055,-0.549523252029,0.0180128195849,0.385997247811,0.228917520374,0.266526291835,0.0442178454522,0.392323487483,0.213953978176,0.368073926047,0.891097686257,0.162668333236,0.954525435525,0.222973360032,0.000664913648394,0.34877055568,0.170401046373,0.324520994243,0.847544754453,0.119115401432,0.910972503721,0.247128423225,0.0248199768414,0.372925618873,0.194556109566,0.348676057437,0.871699817646,0.143270464625,0.935127566914,0.272849373116,0.0505409267326,0.398646568764,0.220277059457,0.374397007328,0.897420767537,0.168991414516,0.960848516805,0.255817929702,0.0335094833189,0.38161512535,0.203245616043,0.357365563914,0.880389324124,0.151959971102,0.943817073392
5.67598237285,5.69475752565,5.67645498085,5.68395403639,5.67238713507,-5.46245052719,-5.5456509433,-5.40320654635,-5.49760748595,-5.37446948827,-4.76790772339,-5.52461497915,-4.78144345558,0.567874969885,-0.541255097815,0.0173621923271,0.378779081015,0.226391252797,0.213531845661,0.130331429559,0.272775826507,0.178374886902,0.301512884581,0.908074649461,0.1513673937,0.894538917278,0.232306998453,0.149106582351,0.291550979299,0.197150039694,0.320288037373,0.926849802253,0.170142546492,0.91331407007,0.21400445366,0.130804037559,0.273248434506,0.178847494902,0.30198549258,0.90854725746,0.151840001699,0.895011525277,0.221503509198,0.138303093097,0.280747490044,0.18634655044,0.309484548119,0.916046312999,0.159339057237,0.902510580815,0.209936607878,0.126736191777,0.269180588724,0.17477964912,0.297917646799,0.904479411679,0.147772155917,0.890943679495
5.75210587344,5.72662226545,5.75417268685,5.72340563403,5.77116296366,-5.56810303702,-5.52888193945,-5.18394440708,-5.52998989485,-5.18438688165,-4.76661838614,-5.70340344273,-4.86771746606,0.573332473694,-0.553361976534,0.0285484184481,0.384988582546,0.20793885341,0.18400283642,0.223223933988,0.568161466358,0.222115978591,0.567718991783,0.985487487295,0.0487024307079,0.884388407378,0.158519228429,0.197740325998,0.542677858367,0.1966323706,0.542235383792,0.960003879305,0.0232188227175,0.858904799388,0.186069649829,0.225290747398,0.570228279767,0.224182792001,0.569785805193,0.987554300705,0.0507692441176,0.886455220788,0.155302597012,0.194523694581,0.53946122695,0.193415739183,0.539018752375,0.956787247888,0.0200021913005,0.855688167971,0.203059926646,0.242281024215,0.587218556584,0.241173068817,0.586776082009,1.00454457752,0.0677595209345,0.903445497605
5.67863328102,5.70925403359,5.72408696687,5.70833384626,5.79173625036,-5.20631825135,-5.60690637455,-5.44680677737,-5.55408805252,-5.13056486374,-4.82433695295,-5.5642841049,-4.91289040701,0.573594341961,-0.540938227209,0.039593009528,0.59263089057,0.252910920235,0.472315029666,0.0717269064699,0.231826503644,0.124545228497,0.548068417277,0.854296328071,0.114349176117,0.765742874007,0.502935782234,0.102347659038,0.262447256212,0.155165981065,0.578689169846,0.884917080639,0.144969928685,0.796363626576,0.517768715514,0.117180592318,0.277280189492,0.169998914345,0.593522103125,0.899750013919,0.159802861965,0.811196559855,0.502015594905,0.101427471709,0.261527068882,0.154245793736,0.577768982516,0.88399689331,0.144049741356,0.795443439246,0.585417999011,0.184829875815,0.344929472989,0.237648197842,0.661171386622,0.967399297416,0.227452145462,0.878845843352
5.70236803867,5.69621072625,5.72871819622,5.7094086282,5.74659577609,-5.29682509805,-5.58725876536,-5.32614683842,-5.56687598383,-5.16934018806,-4.89010186633,-5.52198381269,-4.84081007079,0.571756932297,-0.526651997048,0.0405301173525,0.542042059652,0.263508206237,0.405542940615,0.115109273305,0.376221200244,0.135492054835,0.533027850611,0.812266172337,0.180384225982,0.861557967877,0.399385628193,0.108951960883,0.370063887822,0.129334742413,0.526870538188,0.806108859915,0.174226913559,0.855400655454,0.431893098164,0.141459430854,0.402571357793,0.161842212384,0.55937800816,0.838616329886,0.206734383531,0.887908125426,0.41258353015,0.12214986284,0.383261789779,0.14253264437,0.540068440145,0.819306761872,0.187424815516,0.868598557412,0.449770678035,0.159337010725,0.420448937664,0.179719792255,0.57725558803,0.856493909757,0.224611963402,0.905785705297
5.69180191755,5.71210994736,5.69318215491,5.71119109505,5.69655533341,-5.19180113252,-5.53171234345,-5.08567450625,-5.69780770829,-5.42611103435,-4.89604245211,-5.63809299607,-4.63974177068,0.572219473376,-0.541737605724,0.0340793554242,0.482809200972,0.291108615599,0.500000785028,0.160089574104,0.606127411302,-0.00600579074232,0.265690883199,0.795759465434,0.0537089214766,1.05206014687,0.520308814835,0.180397603911,0.626435441109,0.0143022390648,0.285998913006,0.816067495241,0.0740169512837,1.07236817668,0.501381022388,0.161469811463,0.607507648662,-0.00462555338249,0.267071120559,0.797139702794,0.0550891588364,1.05344038423,0.519389962532,0.179478751607,0.625516588805,0.0133833867615,0.285080060703,0.815148642938,0.0730980989804,1.07144932437,0.504754200889,0.164842989964,0.610880827162,-0.00125237488165,0.27044429906,0.800512881295,0.0584623373372,1.05681356273
5.67074732853,5.67990686028,5.75721565034,5.72479361009,5.66860550341,-5.26449609169,-5.55306165776,-5.2275265531,-5.62737704464,-5.35971858424,-4.98661826389,-5.49535048174,-4.574391562,0.571930700076,-0.540874793881,0.0343921869117,0.435859929394,0.277923287874,0.40625123683,0.117685670761,0.44322077542,0.0433702838861,0.31102874428,0.68412906464,0.175396846783,1.09635576653,0.41541076859,0.12684520252,0.452380307179,0.0525298156454,0.320188276039,0.693288596399,0.184556378543,1.10551529829,0.492719558644,0.204153992574,0.529689097233,0.129838605699,0.397497066093,0.770597386453,0.261865168597,1.18282408834,0.460297518394,0.171731952324,0.497267056984,0.0974165654498,0.365075025844,0.738175346204,0.229443128347,1.15040204809,0.404109411712,0.115543845643,0.441078950302,0.041228458768,0.308886919162,0.681987239522,0.173255021665,1.09421394141
5.65864518434,5.67643255161,5.76703191156,5.76797630277,5.70718669147,-5.33096261482,-5.63762181257,-5.20795557074,-5.56150250442,-5.09869552906,-4.94379114635,-5.50260269342,-4.60456987141,0.569270688346,-0.542075661997,0.035863778999,0.415766458132,0.281835756156,0.327682569518,0.0210233717694,0.450689613596,0.097142679921,0.55994965528,0.714854037993,0.156042490917,1.05407531293,0.345469936789,0.0388107390408,0.468476980867,0.114930047192,0.577737022551,0.732641405264,0.173829858188,1.0718626802,0.436069296736,0.129410098988,0.559076340814,0.205529407139,0.668336382498,0.823240765211,0.264429218135,1.16246204015,0.437013687953,0.130354490205,0.560020732031,0.206473798356,0.669280773715,0.824185156428,0.265373609352,1.16340643136,0.37622407665,0.0695648789017,0.499231120728,0.145684187053,0.608491162412,0.763395545125,0.204583998049,1.10261682006
5.67111914568,5.6321451012,5.70602495118,5.78765944634,5.68357589277,-5.26706935381,-5.62764830029,-5.25969230586,-5.53727671246,-5.08129412178,-4.87203118534,-5.39645552663,-4.67337427738,0.570574515621,-0.541195808217,0.0312362664621,0.395559303077,0.261346309562,0.404049791861,0.0434708453857,0.411426839814,0.133842433215,0.589825023898,0.799087960332,0.274663619041,0.997744868292,0.365075747385,0.00449680090994,0.372452795338,0.0948683887394,0.550850979423,0.760113915857,0.235689574565,0.958770823816,0.438955597361,0.0783766508861,0.446332645314,0.168748238716,0.624730829399,0.833993765833,0.309569424541,1.03265067379,0.520590092522,0.160011146047,0.527967140475,0.250382733876,0.706365324559,0.915628260993,0.391203919701,1.11428516895,0.41650653896,0.0559275924852,0.423883586914,0.146299180315,0.602281770998,0.811544707432,0.28712036614,1.01020161539
5.68782839935,5.62977685055,5.71316098144,5.72259796772,5.73016154097,-5.234755376,-5.63367034377,-5.21277353922,-5.50662898986,-5.0949233912,-4.95893875163,-5.3778553912,-4.68278343532,0.570243825999,-0.542874736581,0.0239163315085,0.402378940508,0.237234834665,0.45307302335,0.0541580555708,0.475054860128,0.18119940948,0.592905008143,0.728889647718,0.309973008145,1.00504496402,0.395021474552,-0.00389349322673,0.41700331133,0.123147860683,0.534853459345,0.67083809892,0.251921459347,0.946993415224,0.478405605448,0.0794906376689,0.500387442226,0.206531991578,0.618237590241,0.754222229816,0.335305590243,1.03037754612,0.487842591724,0.0889276239453,0.509824428503,0.215968977855,0.627674576517,0.763659216092,0.344742576519,1.0398145324,0.495406164979,0.0964911972003,0.517388001758,0.22353255111,0.635238149772,0.771222789347,0.352306149774,1.04737810565
5.65816064779,5.65086584022,5.68222891722,5.67047223998,5.68001580921,-5.29742990529,-5.63777837626,-5.16297147779,-5.5788437973,-5.37338575918,-4.87795558904,-5.42833791045,-4.69646870532,0.566491790347,-0.540501126408,0.0291210619764,0.400481030675,0.237125117415,0.3607307425,0.0203822715297,0.495189170001,0.0793168504816,0.284774888607,0.780205058745,0.229822737332,0.961691942464,0.353435934934,0.0130874639633,0.487894362434,0.0720220429153,0.27748008104,0.772910251179,0.222527929766,0.954397134898,0.384799011935,0.0444505409646,0.519257439435,0.103385119916,0.308843158041,0.80427332818,0.253891006767,0.985760211899,0.373042334692,0.032693863722,0.507500762193,0.0916284426739,0.297086480799,0.792516650938,0.242134329525,0.974003534657,0.382585903927,0.0422374329566,0.517044331427,0.101172011908,0.306630050033,0.802060220172,0.251677898759,0.983547103891
5.65341234234,5.67758159969,5.62625813227,5.65377136984,5.65607080918,-5.39039043086,-5.58557312429,-5.17792289106,-5.4255783783,-5.09792514223,-4.7122078287,-5.51747549127,-4.65703077326,0.563694423156,-0.530824288917,0.0259855875321,0.320394144841,0.255548944942,0.263021911484,0.0678392180567,0.47548945128,0.22783396404,0.555487200112,0.941204513649,0.135936851077,0.996381569088,0.28719116883,0.092008475403,0.499658708626,0.252003221386,0.579656457458,0.965373770996,0.160106108423,1.02055082643,0.23586770141,0.040685007983,0.448335241206,0.200679753966,0.528332990038,0.914050303576,0.108782641003,0.969227359014,0.263380938979,0.0681982455517,0.475848478775,0.228192991535,0.555846227607,0.941563541144,0.136295878572,0.996740596583,0.265680378319,0.0704976848924,0.478147918115,0.230492430875,0.558145666947,0.943862980485,0.138595317913,0.999040035923
5.65341234234,5.67758159969,5.62625813227,5.65377136984,5.65607080918,-5.39039043086,-5.58557312429,-5.17792289106,-5.4255783783,-5.09792514223,-4.7122078287,-5.51747549127,-4.65703077326,0.563694423156,-0.530824288917,0.0259855875321,0.320394144841,0.255548944942,0.263021911484,0.0678392180567,0.47548945128,0.22783396404,0.555487200112,0.941204513649,0.135936851077,0.996381569088,0.28719116883,0.092008475403,0.499658708626,0.252003221386,0.579656457458,0.965373770996,0.160106108423,1.02055082643,0.23586770141,0.040685007983,0.448335241206,0.200679753966,0.528332990038,0.914050303576,0.108782641003,0.969227359014,0.263380938979,0.0681982455517,0.475848478775,0.228192991535,0.555846227607,0.941563541144,0.136295878572,0.996740596583,0.265680378319,0.0704976848924,0.478147918115,0.230492430875,0.558145666947,0.943862980485,0.138595317913,0.999040035923
5.64331412108,5.66324533016,5.66963544461,5.62016858833,5.71020248206,-5.34654568991,-5.59352262902,-5.07403227232,-5.32314919261,-5.34571993225,-4.80041483215,-5.52141367589,-4.71457406224,0.56740991218,-0.531599677547,0.0219998756678,0.308868454864,0.276721295703,0.296768431176,0.0497914920662,0.569281848762,0.320164928479,0.297594188835,0.842899288933,0.12190044519,0.928740058843,0.316699640249,0.0697227011391,0.589213057834,0.340096137551,0.317525397908,0.862830498006,0.141831654263,0.948671267916,0.323089754702,0.0761128155917,0.595603172287,0.346486252004,0.323915512361,0.869220612458,0.148221768715,0.955061382369,0.273622898418,0.0266459593081,0.546136316003,0.29701939572,0.274448656077,0.819753756175,0.0987549124316,0.905594526085,0.363656792149,0.116679853039,0.636170209735,0.387053289451,0.364482549808,0.909787649906,0.188788806163,0.995628419816
5.62607900462,5.6283909937,5.63134366677,5.59556681187,5.67616751016,-5.28266084978,-5.37745066547,-5.21568286989,-5.53108619821,-5.20324419065,-4.6541757132,-5.49214711552,-4.8633486446,0.56448818507,-0.517583285402,0.020309231914,0.387777020205,0.213945008218,0.343418154838,0.248628339147,0.410396134727,0.0949928064057,0.422834813968,0.971903291418,0.133931889095,0.762730360016,0.345730143926,0.250940328235,0.412708123815,0.0973047954936,0.425146803056,0.974215280506,0.136243878183,0.765042349104,0.348682816988,0.253893001298,0.415660796878,0.100257468556,0.428099476118,0.977167953569,0.139196551245,0.767995022166,0.31290596209,0.2181161464,0.37988394198,0.0644806136585,0.392322621221,0.941391098671,0.103419696347,0.732218167269,0.39350666038,0.298716844689,0.460484640269,0.145081311948,0.47292331951,1.02199179696,0.184020394637,0.812818865558
5.6346617669,5.64194713524,5.63849163949,5.67657584696,5.61366678452,-5.19319674729,-5.43534390786,-5.16882761278,-5.45418574114,-5.22345078622,-4.72810194109,-5.51968637647,-4.65955617729,0.564352837312,-0.495327234684,0.0196133091533,0.374106214475,0.18681893113,0.441465019614,0.199317859041,0.465834154117,0.180476025757,0.411210980675,0.906559825814,0.114975390426,0.975105589607,0.44875038795,0.206603227377,0.473119522453,0.187761394093,0.418496349011,0.913845194149,0.122260758762,0.982390957943,0.445294892205,0.203147731632,0.469664026708,0.184305898348,0.415040853266,0.910389698405,0.118805263017,0.978935462198,0.483379099678,0.241231939106,0.507748234181,0.222390105821,0.453125060739,0.948473905878,0.15688947049,1.01701966967,0.420470037236,0.178322876663,0.444839171739,0.159481043379,0.390215998296,0.885564843435,0.0939804080475,0.954110607229
5.63066383593,5.65091854618,5.65296792387,5.60765444883,5.67410186863,-5.30453434749,-5.47748195918,-5.23855502468,-5.46881458473,-5.20828826841,-4.76312619972,-5.55386529424,-4.7675184473,0.564811477247,-0.502849065452,0.0197123214259,0.28258370608,0.194493923774,0.326129488441,0.153181876747,0.392108811253,0.161849251203,0.422375567523,0.867537636213,0.0767985416911,0.863145388629,0.346384198689,0.173436586995,0.412363521502,0.182103961452,0.442630277771,0.887792346462,0.0970532519395,0.883400098877,0.348433576383,0.175485964689,0.414412899195,0.184153339145,0.444679655465,0.889841724155,0.0991026296331,0.885449476571,0.303120101343,0.130172489649,0.369099424155,0.138839864105,0.399366180425,0.844528249115,0.0537891545931,0.840136001531,0.369567521145,0.19661990945,0.435546843957,0.205287283907,0.465813600226,0.910975668917,0.120236574395,0.906583421332
5.64842525168,5.65823022863,5.65798771277,5.70096266322,5.65492479485,-5.2391147518,-5.47318170073,-5.14301828195,-5.54705851363,-5.23130292293,-4.69912629804,-5.32904351622,-4.78443815088,0.565521381471,-0.514995235993,0.0267528364143,0.220091105229,0.196747483397,0.409310499882,0.175243550951,0.50540696973,0.101366738053,0.41712232875,0.949298953643,0.319381735462,0.863987100802,0.419115476832,0.1850485279,0.515211946679,0.111171715002,0.426927305699,0.959103930592,0.329186712411,0.873792077751,0.41887296097,0.184806012039,0.514969430818,0.110929199141,0.426684789838,0.958861414731,0.32894419655,0.87354956189,0.461847911421,0.227780962489,0.557944381268,0.153904149591,0.469659740288,1.00183636518,0.371919147,0.91652451234,0.415810043056,0.181743094124,0.511906512903,0.107866281226,0.423621871923,0.955798496816,0.325881278635,0.870486643975
5.65622581072,5.66848960462,5.64899408066,5.65445177807,5.68333913904,-5.24854389878,-5.535291796,-5.33455359689,-5.49264777329,-5.24267274884,-4.81251767097,-5.61235846539,-4.90781799848,0.565984607886,-0.535064591543,0.0308694172397,0.256067855857,0.218786064865,0.407681911933,0.120934014714,0.321672213829,0.163578037423,0.413553061872,0.84370813975,0.0438673453219,0.748407812232,0.419945705833,0.133197808613,0.333936007729,0.175841831323,0.425816855771,0.85597193365,0.0561311392216,0.760671606132,0.400450181875,0.113702284656,0.314440483771,0.156346307365,0.406321331814,0.836476409692,0.0366356152643,0.741176082175,0.405907879286,0.119159982067,0.319898181182,0.161804004776,0.411779029225,0.841934107103,0.0420933126751,0.746633779586,0.434795240257,0.148047343037,0.348785542152,0.190691365747,0.440666390195,0.870821468074,0.0709806736455,0.775521140556
5.8825783031,5.86394522805,5.89894683825,5.89489267586,5.88492699602,-5.27055280153,-5.77237184077,-5.51347569936,-5.71015006356,-5.49194956679,-4.86059879814,-5.69663953313,-5.05368781076,0.59080838795,-0.516974986414,0.0300562999001,0.686269020968,0.21458307882,0.612025501573,0.110206462331,0.369102603743,0.172428239549,0.390628736317,1.02197950497,0.185938769976,0.828890492346,0.593392426519,0.0915733872777,0.350469528689,0.153795164496,0.371995661264,1.00334642991,0.167305694923,0.810257417293,0.628394036713,0.126574997472,0.385471138883,0.18879677469,0.406997271458,1.03834804011,0.202307305117,0.845259027487,0.624339874326,0.122520835084,0.381416976496,0.184742612302,0.40294310907,1.03429387772,0.198253142729,0.841204865099,0.61437419449,0.112555155249,0.37145129666,0.174776932467,0.392977429235,1.02432819789,0.188287462894,0.831239185264
5.8825783031,5.86394522805,5.89894683825,5.89489267586,5.88492699602,-5.27055280153,-5.77237184077,-5.51347569936,-5.71015006356,-5.49194956679,-4.86059879814,-5.69663953313,-5.05368781076,0.59080838795,-0.516974986414,0.0300562999001,0.686269020968,0.21458307882,0.612025501573,0.110206462331,0.369102603743,0.172428239549,0.390628736317,1.02197950497,0.185938769976,0.828890492346,0.593392426519,0.0915733872777,0.350469528689,0.153795164496,0.371995661264,1.00334642991,0.167305694923,0.810257417293,0.628394036713,0.126574997472,0.385471138883,0.18879677469,0.406997271458,1.03834804011,0.202307305117,0.845259027487,0.624339874326,0.122520835084,0.381416976496,0.184742612302,0.40294310907,1.03429387772,0.198253142729,0.841204865099,0.61437419449,0.112555155249,0.37145129666,0.174776932467,0.392977429235,1.02432819789,0.188287462894,0.831239185264
5.87778271261,5.89752154381,5.8661471207,5.87878763819,5.89429290751,-5.51541969679,-5.66547210309,-5.39632187213,-5.59421142257,-5.41071226195,-4.7828455462,-5.74082717272,-4.96412259151,0.589721871457,-0.535185304414,0.0188627259463,0.633822225546,0.216410202544,0.36236301582,0.212310609513,0.481460840481,0.283571290035,0.467070450662,1.09493716641,0.136955539887,0.9136601211,0.382101847019,0.232049440712,0.50119967168,0.303310121234,0.486809281861,1.11467599761,0.156694371087,0.933398952299,0.350727423917,0.20067501761,0.469825248578,0.271935698132,0.455434858759,1.08330157451,0.125319947984,0.902024529197,0.363367941398,0.213315535091,0.482465766058,0.284576215612,0.46807537624,1.09594209199,0.137960465465,0.914665046677,0.378873210719,0.228820804412,0.497971035379,0.300081484933,0.483580645561,1.11144736131,0.153465734786,0.930170315998
5.86192106041,5.86925375733,5.85053426569,5.83630050448,5.8808193204,-5.55908615862,-5.74088632449,-5.37046391113,-5.63460588857,-5.48841035983,-5.06577527313,-5.76997885476,-4.92094704843,0.584990619754,-0.530133560739,0.0168952723687,0.490977732191,0.18596533163,0.302834901793,0.12103473592,0.491457149276,0.227315171843,0.37351070058,0.796145787279,0.0919422056535,0.940974011983,0.310167598716,0.128367432843,0.498789846199,0.234647868766,0.380843397503,0.803478484202,0.0992749025761,0.948306708905,0.291448107069,0.109647941196,0.480070354551,0.215928377118,0.362123905855,0.784758992554,0.0805554109287,0.929587217258,0.277214345868,0.0954141799946,0.46583659335,0.201694615917,0.347890144654,0.770525231353,0.0663216497276,0.915353456057,0.321733161785,0.139932995912,0.510355409268,0.246213431835,0.392408960572,0.815044047271,0.110840465645,0.959872271975
5.84643729785,5.85178398743,5.8262321029,5.83097969057,5.86103518935,-5.43731669117,-5.67942401774,-5.40956942908,-5.66996182713,-5.43863901408,-4.73401733481,-5.69248235359,-4.95975529115,0.584843399065,-0.519083550719,0.0157821069828,0.408708629526,0.189117291856,0.409120606677,0.167013280107,0.436867868769,0.176475470722,0.407798283772,1.11241996304,0.153954944259,0.886682006704,0.414467296255,0.172359969685,0.442214558347,0.1818221603,0.41314497335,1.11776665262,0.159301633837,0.892028696282,0.388915411722,0.146808085153,0.416662673815,0.156270275767,0.387593088818,1.09221476808,0.133749749304,0.866476811749,0.393662999401,0.151555672832,0.421410261494,0.161017863447,0.392340676497,1.09696235576,0.138497336984,0.871224399428,0.423718498178,0.181611171609,0.451465760271,0.191073362223,0.422396175274,1.12701785454,0.168552835761,0.901279898205
5.84031595869,5.83638118357,5.85160139219,5.83895560776,5.83208759486,-5.53805078047,-5.71333922063,-5.43759027625,-5.60918147567,-5.31042554747,-5.02326814114,-5.73918257148,-4.89949680081,0.58414894488,-0.529397285611,0.00915577838702,0.354441169757,0.17670446448,0.302265178217,0.126976738064,0.402725682444,0.231134483025,0.529890411225,0.817047817554,0.101133387215,0.940819157884,0.298330403096,0.123041962943,0.398790907322,0.227199707903,0.525955636104,0.813113042432,0.0971986120938,0.936884382762,0.313550611719,0.138262171566,0.414011115945,0.242419916526,0.541175844726,0.828333251055,0.112418820717,0.952104591385,0.300904827287,0.125616387134,0.401365331513,0.229774132095,0.528530060295,0.815687466623,0.0997730362851,0.939458806954,0.294036814386,0.118748374233,0.394497318612,0.222906119194,0.521662047394,0.808819453722,0.092905023384,0.932590794053
5.88461365841,5.88045839135,5.87295137005,5.88010605724,5.88299677682,-5.4129350268,-5.69736568937,-5.41436930609,-5.77779039122,-5.52827838553,-4.77517766561,-5.71572330272,-5.02951749851,0.587516566603,-0.527428525346,0.00994476635754,0.35296525431,0.187259204373,0.471678631617,0.187247969043,0.470244352318,0.106823267192,0.356335272878,1.10943599281,0.168890355692,0.855096159902,0.467523364554,0.183092701981,0.466089085255,0.10266800013,0.352180005815,1.10528072574,0.164735088629,0.85094089284,0.460016343258,0.175585680684,0.458582063959,0.0951609788328,0.344672984519,1.09777370445,0.157228067333,0.843433871543,0.467171030443,0.18274036787,0.465736751144,0.102315666019,0.351827671704,1.10492839163,0.164382754518,0.850588558729,0.470061750025,0.185631087451,0.468627470726,0.1052063856,0.354718391286,1.10781911121,0.1672734741,0.85347927831
5.87507357251,5.88159135217,5.86280782257,5.87966402527,5.87287883034,-5.40982796958,-5.7584490573,-5.52534249367,-5.48232434374,-5.33449696006,-4.79354378564,-5.72420663729,-4.98848355749,0.5873961141,-0.530922515937,0.00509378581888,0.483050534181,0.27409365051,0.465245602936,0.116624515213,0.349731078844,0.392749228771,0.540576612456,1.08152978687,0.150866935222,0.886590015026,0.471763382592,0.123142294869,0.356248858501,0.399267008427,0.547094392112,1.08804756653,0.157384714879,0.893107794683,0.452979852994,0.104358765271,0.337465328902,0.380483478829,0.528310862514,1.06926403693,0.138601185281,0.874324265084,0.469836055693,0.121214967971,0.354321531602,0.397339681529,0.545167065214,1.08612023963,0.15545738798,0.891180467784,0.463050860764,0.114429773041,0.347536336673,0.3905544866,0.538381870284,1.0793350447,0.148672193051,0.884395272855
5.87185485562,5.8633604374,5.87243360676,5.86760206067,5.86363721826,-5.44885290049,-5.80093665468,-5.48816757903,-5.6696571362,-5.57195284575,-4.88039270932,-5.94657725155,-4.97548652576,0.586756196354,-0.524388039758,0.00412835320969,0.54022093262,0.293115461264,0.423001955126,0.0709182009434,0.383687276593,0.202197719424,0.299902009876,0.9914621463,-0.074722395927,0.89636832986,0.414507536908,0.0624237827247,0.375192858374,0.193703301205,0.291407591657,0.982967728081,-0.0832168141456,0.887873911642,0.423580706264,0.0714969520812,0.384266027731,0.202776470562,0.300480761014,0.992040897438,-0.0741436447892,0.896947080998,0.418749160173,0.0666654059896,0.379434481639,0.19794492447,0.295649214922,0.987209351346,-0.0789751908808,0.892115534906,0.414784317761,0.0627005635784,0.375469639228,0.193980082059,0.291684372511,0.983244508935,-0.082940033292,0.888150692495
5.87185485562,5.8633604374,5.87243360676,5.86760206067,5.86363721826,-5.44885290049,-5.80093665468,-5.48816757903,-5.6696571362,-5.57195284575,-4.88039270932,-5.94657725155,-4.97548652576,0.586756196354,-0.524388039758,0.00412835320969,0.54022093262,0.293115461264,0.423001955126,0.0709182009434,0.383687276593,0.202197719424,0.299902009876,0.9914621463,-0.074722395927,0.89636832986,0.414507536908,0.0624237827247,0.375192858374,0.193703301205,0.291407591657,0.982967728081,-0.0832168141456,0.887873911642,0.423580706264,0.0714969520812,0.384266027731,0.202776470562,0.300480761014,0.992040897438,-0.0741436447892,0.896947080998,0.418749160173,0.0666654059896,0.379434481639,0.19794492447,0.295649214922,0.987209351346,-0.0789751908808,0.892115534906,0.414784317761,0.0627005635784,0.375469639228,0.193980082059,0.291684372511,0.983244508935,-0.082940033292,0.888150692495
5.86956817544,5.88119496092,5.87463517778,5.88177236231,5.89438228693,-5.57336687874,-5.60591294941,-5.3807921908,-5.68616923197,-5.39444895226,-4.95104444107,-5.58422414461,-5.04205275265,0.588057668742,-0.551741619295,0.0135756963612,0.567043502482,0.216793211894,0.296201296705,0.263655226036,0.488775984649,0.18339894348,0.475119223187,0.918523734372,0.285344030831,0.827515422792,0.307828082184,0.275282011514,0.500402770128,0.195025728958,0.486746008666,0.930150519851,0.29697081631,0.839142208271,0.301268299038,0.268722228368,0.493842986982,0.188465945812,0.48018622552,0.923590736705,0.290411033164,0.832582425125,0.308405483575,0.275859412906,0.500980171519,0.195603130349,0.487323410057,0.930727921242,0.297548217701,0.839719609662,0.32101540819,0.288469337521,0.513590096134,0.208213054965,0.499933334672,0.943337845857,0.310158142317,0.852329534277
5.87441392299,5.8988621236,5.9051644234,5.82843898939,5.88816792554,-5.39005611666,-5.88669326797,-5.45745800633,-5.67920241597,-5.40795283586,-4.87664495104,-5.81808811072,-4.94191138927,0.587948599711,-0.537873613026,0.022846329975,0.361034918449,0.21534389413,0.484357806335,-0.0122793449753,0.416955916663,0.195211507024,0.466461087127,0.997768971957,0.0563258122681,0.93250253372,0.508806006939,0.0121688556292,0.441404117267,0.219659707629,0.490909287732,1.02221717256,0.0807740128726,0.956950734325,0.515108306747,0.0184711554372,0.447706417075,0.225962007437,0.49721158754,1.02851947237,0.0870763126806,0.963253034133,0.438382872731,-0.0582542785788,0.370980983059,0.149236573421,0.420486153524,0.951794038353,0.0103508786647,0.886527600117,0.498111808883,0.00147465757257,0.430709919211,0.208965509572,0.480215089675,1.0115229745,0.070079814816,0.946256536268
5.88975081149,5.93941228159,5.8774748851,5.85322743432,5.91604875692,-5.36748726156,-5.63365849362,-5.52639069201,-5.56086948524,-5.55484751323,-5.0602537667,-5.82468342692,-4.91083993966,0.58880596537,-0.542833648389,0.0202612184627,0.270834144365,0.255068098452,0.52226354993,0.256092317879,0.363360119487,0.328881326257,0.334903298266,0.829497044794,0.0650673845786,0.978910871832,0.571925020026,0.305753787975,0.413021589583,0.378542796353,0.384564768362,0.87915851489,0.114728854674,1.02857234193,0.509987623538,0.243816391487,0.351084193095,0.316605399865,0.322627371874,0.817221118402,0.0527914581867,0.96663494544,0.485740172758,0.219568940707,0.326836742315,0.292357949085,0.298379921094,0.792973667622,0.0285440074064,0.94238749466,0.548561495357,0.282390263306,0.389658064913,0.355179271684,0.361201243692,0.855794990221,0.0913653300052,1.00520881726
5.88975081149,5.93941228159,5.8774748851,5.85322743432,5.91604875692,-5.36748726156,-5.63365849362,-5.52639069201,-5.56086948524,-5.55484751323,-5.0602537667,-5.82468342692,-4.91083993966,0.58880596537,-0.542833648389,0.0202612184627,0.270834144365,0.255068098452,0.52226354993,0.256092317879,0.363360119487,0.328881326257,0.334903298266,0.829497044794,0.0650673845786,0.978910871832,0.571925020026,0.305753787975,0.413021589583,0.378542796353,0.384564768362,0.87915851489,0.114728854674,1.02857234193,0.509987623538,0.243816391487,0.351084193095,0.316605399865,0.322627371874,0.817221118402,0.0527914581867,0.96663494544,0.485740172758,0.219568940707,0.326836742315,0.292357949085,0.298379921094,0.792973667622,0.0285440074064,0.94238749466,0.548561495357,0.282390263306,0.389658064913,0.355179271684,0.361201243692,0.855794990221,0.0913653300052,1.00520881726
5.88823735036,5.95814740666,5.91334602089,5.82837439026,5.97246461948,-5.43682726989,-5.70431613226,-5.46881681003,-5.65448989492,-5.44509478089,-5.00180466495,-5.81602897435,-5.02269722805,0.59305192044,-0.565476020505,0.0953441802929,0.302828092761,0.20364637803,0.451410080478,0.183921218099,0.419420540337,0.233747455441,0.443142569471,0.886432685418,0.072208376013,0.86554012231,0.521320136771,0.253831274392,0.48933059663,0.303657511735,0.513052625765,0.956342741712,0.142118432307,0.935450178604,0.476518751001,0.209029888622,0.44452921086,0.258856125964,0.468251239994,0.911541355941,0.097317046536,0.890648792833,0.391547120371,0.124058257993,0.35955758023,0.173884495335,0.383279609365,0.826569725312,0.0123454159067,0.805677162204,0.535637349594,0.268148487216,0.503647809453,0.317974724558,0.527369838588,0.970659954535,0.15643564513,0.949767391427
5.93176265307,5.99506861468,5.90441957647,5.83142610137,5.99315082051,-5.58867300432,-5.7304467271,-5.58661987926,-5.67370956231,-5.5766380365,-4.95835002259,-5.77226362492,-5.20133956216,0.591836676305,-0.531548517534,0.0953926162661,0.298273086088,0.212886505311,0.34308964875,0.201315925966,0.345142773812,0.258053090761,0.35512461657,0.973412630477,0.159499028145,0.73042309091,0.406395610359,0.264621887575,0.408448735421,0.32135905237,0.41843057818,1.03671859209,0.222804989754,0.793729052519,0.315746572148,0.173972849364,0.31779969721,0.230710014159,0.327781539968,0.946069553876,0.132155951543,0.703080014308,0.242753097048,0.100979374264,0.24480622211,0.157716539059,0.254788064868,0.873076078775,0.0591624764428,0.630086539208,0.404477816188,0.262704093403,0.40653094125,0.319441258198,0.416512784008,1.03480079792,0.220887195583,0.791811258347
5.97404367873,5.88330269633,5.96200649339,5.88135380762,6.00264288347,-5.5620092123,-5.77046869872,-5.37133339496,-5.93929196866,-5.60482659609,-4.92775271952,-5.83615152167,-4.98195553874,0.595176322405,-0.539393680497,0.0640549225992,0.432520656423,0.239218225862,0.412034466423,0.203574980004,0.602710283765,0.0347517100614,0.36921708264,1.04629095921,0.137892157056,0.992088139986,0.32129348403,0.112833997612,0.511969301372,-0.0559892723311,0.278476100247,0.955549976816,0.0471511746635,0.901347157593,0.39999728109,0.191537794671,0.590673098432,0.0227145247286,0.357179897307,1.03425377388,0.125854971723,0.980050954653,0.319344595313,0.110885108895,0.510020412656,-0.0579381610479,0.27652721153,0.953601088099,0.0452022859468,0.899398268877,0.440633671167,0.232174184749,0.631309488509,0.0633509148058,0.397816287384,1.07489016395,0.1664913618,1.02068734473
5.81979264542,5.87745607315,5.89227525717,5.92793522626,5.89541721411,-5.5861766111,-5.77542905635,-5.51795958055,-5.53498928181,-5.33194150877,-5.10710720809,-5.70651708066,-5.03880175718,0.58760653708,-0.532795258225,0.0451567643721,0.463530013691,0.223119706596,0.233616034323,0.0443635890697,0.30183306487,0.284803363614,0.48785113665,0.712685437337,0.113275564769,0.780990888248,0.291279462051,0.102027016798,0.359496492598,0.342466791342,0.545514564378,0.770348865065,0.170938992497,0.838654315977,0.306098646065,0.116846200812,0.374315676612,0.357285975356,0.560333748392,0.785168049079,0.185758176511,0.853473499991,0.341758615162,0.152506169908,0.409975645709,0.392945944453,0.595993717488,0.820828018175,0.221418145608,0.889133469087,0.309240603007,0.119988157753,0.377457633554,0.360427932298,0.563475705333,0.78831000602,0.188900133453,0.856615456932
5.83731999823,5.87207443929,5.88694907712,5.9382711085,5.87663010943,-5.48195848442,-5.8013102309,-5.44171841079,-5.47865154181,-5.24042322534,-5.08712440201,-5.81954464742,-4.9964144148,0.588138360116,-0.530320302217,0.0414473621919,0.392624074868,0.219062603662,0.355361513805,0.0360097673331,0.395601587443,0.358668456418,0.596896772884,0.750195596214,0.0177753508073,0.84090558343,0.390115954867,0.0707642083952,0.430356028505,0.39342289748,0.631651213946,0.784950037277,0.0525297918694,0.875660024492,0.404990592692,0.0856388462202,0.44523066633,0.408297535305,0.646525851771,0.799824675102,0.0674044296944,0.890534662317,0.456312624076,0.136960877604,0.496552697714,0.459619566689,0.697847883155,0.851146706486,0.118726461078,0.941856693702,0.394671625009,0.075319878538,0.434911698648,0.397978567623,0.636206884089,0.789505707419,0.0570854620121,0.880215694635
5.89470572938,5.85486086792,5.87158028793,5.85178854082,5.90122210669,-5.64681006365,-5.66233129697,-5.25158376764,-5.7913001188,-5.50332815519,-4.83149288296,-5.67114973705,-4.99535109418,0.586768569528,-0.547149931257,0.0362935917364,0.353820871731,0.226248462609,0.247895665734,0.232374432407,0.643121961743,0.103405610576,0.391377574194,1.06321284642,0.223555992331,0.899354635197,0.208050804276,0.192529570949,0.603277100285,0.0635607491178,0.351532712736,1.02336798496,0.183711130873,0.859509773738,0.224770224285,0.209248990958,0.619996520294,0.0802801691267,0.368252132745,1.04008740497,0.200430550882,0.876229193747,0.204978477172,0.189457243845,0.600204773181,0.0604884220136,0.348460385632,1.02029565786,0.180638803769,0.856437446634,0.254412043042,0.238890809715,0.649638339051,0.109921987884,0.397893951502,1.06972922373,0.230072369639,0.905871012504
5.82754061322,5.8141213814,5.83597800127,5.83697453886,5.88445682827,-5.35418150236,-5.76627520652,-5.44024982223,-5.77168086257,-5.42986436244,-4.817200813,-5.63251846084,-4.88539312416,0.585619142133,-0.554500493189,0.0288474536854,0.317509949498,0.22801711,0.473359110861,0.0612654067006,0.387290790992,0.0558597506512,0.397676250786,1.01033980023,0.195022152383,0.942147489061,0.459939879041,0.0478461748803,0.373871559172,0.0424405188309,0.384257018965,0.996920568406,0.181602920562,0.928728257241,0.481796498911,0.0697027947505,0.395728179042,0.0642971387011,0.406113638836,1.01877718828,0.203459540433,0.950584877111,0.482793036499,0.0706993323385,0.39672471663,0.0652936762891,0.407110176424,1.01977372586,0.204456078021,0.951581414699,0.530275325905,0.118181621744,0.444207006036,0.112775965695,0.454592465829,1.06725601527,0.251938367426,0.999063704105
5.78684294,5.82997020888,5.822183855,5.79468553076,5.78593034468,-5.62251706307,-5.69086229802,-5.37431410683,-5.65047505021,-5.41192699867,-4.91714319457,-5.81928415564,-5.03586657205,0.580568498827,-0.553473220654,0.0426340122166,0.388114648178,0.228113811078,0.164325876936,0.0959806419843,0.412528833169,0.136367889798,0.374915941332,0.869699745433,-0.0324412156363,0.750976367956,0.207453145813,0.139107910861,0.455656102046,0.179495158674,0.418043210209,0.91282701431,0.0106860532405,0.794103636832,0.199666791938,0.131321556986,0.447869748171,0.171708804799,0.410256856333,0.905040660435,0.00289969936497,0.786317282957,0.172168467694,0.103823232742,0.420371423927,0.144210480555,0.382758532089,0.877542336191,-0.0245986248789,0.758818958713,0.163413281611,0.095068046659,0.411616237844,0.135455294472,0.374003346007,0.868787150108,-0.0333538109615,0.75006377263
5.84908895804,5.81284048461,5.81360253183,5.82066441677,5.8673899967,-5.38031311307,-5.58532878343,-5.50227335467,-5.56554327787,-5.4182470279,-4.83494245711,-5.58018109579,-4.94781982222,0.582342903543,-0.535692608951,0.0279023442007,0.290736803703,0.255698456956,0.468775844973,0.263760174614,0.346815603366,0.28354568017,0.430841930144,1.01414650093,0.268907862252,0.901269135816,0.432527371541,0.227511701182,0.310567129934,0.247297206738,0.394593456712,0.977898027498,0.23265938882,0.865020662384,0.433289418764,0.228273748405,0.311329177157,0.248059253962,0.395355503935,0.978660074721,0.233421436043,0.865782709607,0.440351303697,0.235335633338,0.31839106209,0.255121138894,0.402417388868,0.985721959654,0.240483320976,0.87284459454,0.487076883635,0.282061213276,0.365116642028,0.301846718832,0.449142968806,1.03244753959,0.287208900914,0.919570174478
5.84908895804,5.81284048461,5.81360253183,5.82066441677,5.8673899967,-5.38031311307,-5.58532878343,-5.50227335467,-5.56554327787,-5.4182470279,-4.83494245711,-5.58018109579,-4.94781982222,0.582342903543,-0.535692608951,0.0279023442007,0.290736803703,0.255698456956,0.468775844973,0.263760174614,0.346815603366,0.28354568017,0.430841930144,1.01414650093,0.268907862252,0.901269135816,0.432527371541,0.227511701182,0.310567129934,0.247297206738,0.394593456712,0.977898027498,0.23265938882,0.865020662384,0.433289418764,0.228273748405,0.311329177157,0.248059253962,0.395355503935,0.978660074721,0.233421436043,0.865782709607,0.440351303697,0.235335633338,0.31839106209,0.255121138894,0.402417388868,0.985721959654,0.240483320976,0.87284459454,0.487076883635,0.282061213276,0.365116642028,0.301846718832,0.449142968806,1.03244753959,0.287208900914,0.919570174478
5.85766878153,5.80509687032,5.82334770939,5.82742347862,5.89604866116,-5.56277388625,-5.63819215146,-5.26513599174,-5.60970131258,-5.45770929667,-5.02208294933,-5.78747514676,-5.01847468655,0.586594908123,-0.542692475495,0.0395145890365,0.237900346391,0.241307711734,0.294894895286,0.219476630073,0.592532789795,0.247967468959,0.399959484869,0.835585832204,0.0701936347723,0.839194094983,0.242322984072,0.16690471886,0.539960878582,0.195395557745,0.347387573655,0.783013920991,0.0176217235591,0.786622183769,0.260573823136,0.185155557924,0.558211717646,0.213646396809,0.365638412719,0.801264760055,0.0358725626231,0.804873022833,0.264649592376,0.189231327163,0.562287486885,0.217722166049,0.369714181959,0.805340529295,0.0399483318624,0.808948792073,0.333274774909,0.257856509696,0.630912669418,0.286347348582,0.438339364492,0.873965711827,0.108573514395,0.877573974606
5.76244609305,5.84334399024,5.83682274688,5.81289870159,5.78985554493,-5.32837496544,-5.6162511144,-5.490234219,-5.54849079692,-5.44583180364,-4.85009388283,-5.6540054768,-4.92664754837,0.579526658557,-0.535470568891,0.116652074386,0.33329663666,0.258081087595,0.434071127606,0.146194978652,0.272211874048,0.213955296133,0.316614289414,0.912352210217,0.108440616249,0.835798544679,0.514969024793,0.22709287584,0.353109771236,0.294853193321,0.397512186601,0.993250107405,0.189338513437,0.916696441867,0.508447781433,0.22057163248,0.346588527876,0.28833194996,0.390990943241,0.986728864045,0.182817270077,0.910175198506,0.484523736149,0.196647587196,0.322664482591,0.264407904676,0.367066897957,0.962804818761,0.158893224793,0.886251153222,0.461480579488,0.173604430535,0.299621325931,0.241364748016,0.344023741296,0.9397616621,0.135850068132,0.863207996562
5.79922342781,5.79609973865,5.85387425642,5.79829505564,5.76699103688,-5.36554744516,-5.62677834051,-5.32880128882,-5.54235889156,-5.35067553117,-4.691265712,-5.62215042871,-4.79711612533,0.57728288168,-0.543382808461,0.120973818172,0.361172981922,0.249768837347,0.433675982648,0.172445087296,0.470422138982,0.256864536242,0.448547896638,1.1079577158,0.177072999094,1.00210730248,0.430552293492,0.16932139814,0.467298449826,0.253740847087,0.445424207483,1.10483402665,0.173949309938,0.998983613325,0.488326811256,0.227095915904,0.52507296759,0.311515364851,0.503198725247,1.16260854441,0.231723827702,1.05675813109,0.432747610478,0.171516715126,0.469493766813,0.255936164073,0.447619524469,1.10702934363,0.176144626924,1.00117893031,0.401443591722,0.14021269637,0.438189748056,0.224632145317,0.416315505713,1.07572532488,0.144840608168,0.969874911556
5.91922680227,5.89204065612,5.8876853068,5.84775624094,6.00147371348,-5.429981273,-5.79961669923,-5.53655752481,-5.63840411244,-5.55367642422,-4.78791312073,-5.80651836038,-5.0862429157,0.589684040222,-0.530613920282,0.067344216957,0.451194205809,0.21782502999,0.489245529272,0.119610103043,0.382669277467,0.280822689834,0.365550378051,1.13131368154,0.112708441895,0.832983886574,0.462059383122,0.0924239568927,0.355483131317,0.253636543684,0.338364231901,1.10412753539,0.0855222957446,0.805797740424,0.457704033803,0.0880686075739,0.351127781999,0.249281194365,0.334008882582,1.09977218608,0.0811669464259,0.801442391105,0.41777496794,0.0481395417105,0.311198716135,0.209352128501,0.294079816719,1.05984312021,0.0412378805625,0.761513325242,0.57149244048,0.20185701425,0.464916188675,0.363069601041,0.447797289259,1.21356059275,0.194955353102,0.915230797782
5.85393740792,5.98804373315,5.88328982579,5.88914137613,6.01602176853,-5.41055408923,-5.77028099113,-5.39095786332,-5.66361452376,-5.37646685474,-5.04291002094,-5.75400976013,-4.99492266398,0.589219956224,-0.530865191521,0.086500581011,0.458332960015,0.220835914245,0.443383318686,0.0836564167908,0.462979544597,0.19032288416,0.47747055318,0.811027386983,0.0999276477853,0.85901474394,0.577489643914,0.217762742019,0.597085869825,0.324429209388,0.611576878408,0.945133712211,0.234033973013,0.993121069168,0.472735736557,0.113008834662,0.492331962468,0.219675302031,0.506822971051,0.840379804854,0.129280065656,0.888367161811,0.4785872869,0.118860385005,0.498183512812,0.225526852375,0.512674521395,0.846231355198,0.135131616,0.894218712154,0.605467679297,0.245740777402,0.625063905209,0.352407244771,0.639554913792,0.973111747594,0.262012008397,1.02109910455
5.95108443518,5.90078281279,5.8680370767,5.99748042055,5.95408343363,-5.76084147318,-5.73279287084,-5.54640058321,-5.65033927703,-5.46872336917,-4.9246696376,-5.82471317257,-5.04505938496,0.597281677715,-0.537440538709,0.058899221271,0.574896789806,0.220917663051,0.190242961995,0.218291564333,0.40468385197,0.300745158149,0.48236106601,1.02641479757,0.126371262604,0.906025050216,0.139941339605,0.167989941943,0.354382229581,0.25044353576,0.432059443621,0.976113175185,0.0760696402149,0.855723427827,0.107195603519,0.135244205857,0.321636493494,0.217697799674,0.399313707534,0.943367439098,0.0433239041285,0.82297769174,0.236638947365,0.264687549703,0.45107983734,0.34714114352,0.528757051381,1.07281078294,0.172767247975,0.952421035587,0.193241960445,0.221290562783,0.40768285042,0.303744156599,0.48536006446,1.02941379602,0.129370261054,0.909024048666
5.96554432546,5.88453071773,5.87983818263,5.98727773147,5.95265119255,-5.70543358113,-5.76287809434,-5.5279900223,-5.60261057347,-5.28944894662,-5.04496184488,-5.71952885088,-5.01213912593,0.594999008403,-0.538242878185,0.0523200764234,0.584417089621,0.239969241948,0.260110744331,0.202666231127,0.437554303168,0.362933751997,0.67609537884,0.920582480583,0.246015474583,0.953405199536,0.179097136595,0.121652623391,0.356540695432,0.28192014426,0.595081771104,0.839568872847,0.165001866847,0.8723915918,0.174404601497,0.116960088293,0.351848160334,0.277227609163,0.590389236006,0.834876337749,0.160309331749,0.867699056702,0.281844150334,0.22439963713,0.459287709171,0.384667158,0.697828784843,0.942315886586,0.267748880586,0.975138605539,0.247217611414,0.18977309821,0.424661170251,0.350040619079,0.663202245923,0.907689347666,0.233122341666,0.940512066619
5.93746010791,5.93350737614,5.91242352939,5.94465221022,5.965843886,-5.54838250719,-5.71768541096,-5.60165916854,-5.54512127991,-5.63765846011,-5.09250913867,-5.85748223884,-5.19888516195,0.592462527255,-0.525233930982,0.0443892505181,0.548038691409,0.245264802268,0.38907760072,0.219774696948,0.335800939369,0.392338827997,0.299801647793,0.844950969237,0.0799778690655,0.738574945957,0.385124868955,0.215821965183,0.331848207604,0.388386096232,0.295848916028,0.840998237472,0.0760251373006,0.734622214192,0.3640410222,0.194738118429,0.31076436085,0.367302249478,0.274765069273,0.819914390718,0.0549412905461,0.713538367438,0.396269703035,0.226966799263,0.342993041684,0.399530930312,0.306993750107,0.852143071552,0.0871699713805,0.745767048272,0.417461378817,0.248158475046,0.364184717467,0.420722606095,0.32818542589,0.873334747335,0.108361647163,0.766958724055
5.98580714511,5.89358729077,5.92264395072,5.9437248241,5.92646023423,-5.55787299245,-5.70543698524,-5.51472446437,-5.52811616473,-5.69350860055,-4.99494478138,-5.88236621832,-5.14033826468,0.595692227162,-0.52816461918,0.0468883877348,0.596621552085,0.240879329433,0.427934152661,0.280370159873,0.471082680742,0.457690980385,0.292298544559,0.990862363738,0.103440926797,0.845468880434,0.335714298319,0.188150305531,0.3788628264,0.365471126043,0.200078690217,0.898642509395,0.0112210724542,0.753249026092,0.364770958271,0.217206965483,0.407919486352,0.394527785995,0.229135350169,0.927699169347,0.0402777324059,0.782305686043,0.385851831643,0.238287838855,0.429000359724,0.415608659367,0.250216223541,0.94878004272,0.0613586057785,0.803386559416,0.36858724178,0.221023248992,0.411735769861,0.398344069504,0.232951633678,0.931515452856,0.0440940159149,0.786121969552
5.98580714511,5.89358729077,5.92264395072,5.9437248241,5.92646023423,-5.55787299245,-5.70543698524,-5.51472446437,-5.52811616473,-5.69350860055,-4.99494478138,-5.88236621832,-5.14033826468,0.595692227162,-0.52816461918,0.0468883877348,0.596621552085,0.240879329433,0.427934152661,0.280370159873,0.471082680742,0.457690980385,0.292298544559,0.990862363738,0.103440926797,0.845468880434,0.335714298319,0.188150305531,0.3788628264,0.365471126043,0.200078690217,0.898642509395,0.0112210724542,0.753249026092,0.364770958271,0.217206965483,0.407919486352,0.394527785995,0.229135350169,0.927699169347,0.0402777324059,0.782305686043,0.385851831643,0.238287838855,0.429000359724,0.415608659367,0.250216223541,0.94878004272,0.0613586057785,0.803386559416,0.36858724178,0.221023248992,0.411735769861,0.398344069504,0.232951633678,0.931515452856,0.0440940159149,0.786121969552
5.92509398434,5.9418412823,5.91778814909,5.89630151079,5.92173665576,-5.59788722681,-5.66904919129,-5.50888040232,-5.44750288207,-5.40817090129,-4.95312799409,-5.73478973304,-5.20070717767,0.593285351967,-0.537681822058,0.0398594083785,0.610644085396,0.230625947449,0.327206757531,0.256044793049,0.416213582022,0.477591102276,0.516923083046,0.971965990249,0.190304251303,0.724386806674,0.343954055487,0.272792091004,0.432960879977,0.494338400231,0.533670381001,0.988713288204,0.207051549259,0.741134104629,0.319900922283,0.248738957801,0.408907746774,0.470285267028,0.509617247798,0.964660155001,0.182998416056,0.717080971426,0.298414283981,0.227252319498,0.387421108471,0.448798628725,0.488130609496,0.943173516699,0.161511777753,0.695594333123,0.323849428953,0.25268746447,0.412856253444,0.474233773698,0.513565754468,0.968608661671,0.186946922725,0.721029478095
5.93537769294,5.94476888821,5.90684017451,5.90406710446,5.96535807821,-5.50900591947,-5.74400586483,-5.47249396919,-5.72992431685,-5.60856365346,-5.04597411184,-5.6765702382,-4.97605968458,0.59289673614,-0.532324732815,0.042696102694,0.440737994583,0.249113629337,0.426371773471,0.191371828116,0.462883723748,0.205453376092,0.326814039478,0.889403581106,0.258807454747,0.959318008364,0.435762968736,0.200763023381,0.472274919013,0.214844571357,0.336205234743,0.898794776371,0.268198650012,0.968709203629,0.397834255035,0.16283430968,0.434346205312,0.176915857656,0.298276521041,0.860866062669,0.230269936311,0.930780489928,0.395061184986,0.160061239631,0.431573135263,0.174142787607,0.295503450993,0.858092992621,0.227496866262,0.928007419879,0.456352158737,0.221352213382,0.492864109014,0.235433761358,0.356794424744,0.919383966372,0.288787840013,0.98929839363
5.98156133452,5.93298500349,5.88449271897,5.91169983744,5.94284606438,-5.5361730114,-5.67482832367,-5.25817727596,-5.78656196601,-5.43934710578,-5.01136125218,-5.74718331449,-5.04359550181,0.594344258252,-0.532758756256,0.0453119390558,0.495406973106,0.242259373548,0.445388323124,0.306733010854,0.723384058569,0.194999368519,0.542214228746,0.970200082344,0.234378020031,0.937965832716,0.396811992085,0.258156679815,0.674807727531,0.14642303748,0.493637897708,0.921623751306,0.185801688993,0.889389501677,0.348319707571,0.209664395302,0.626315443017,0.0979307529665,0.445145613194,0.873131466792,0.137309404479,0.840897217163,0.37552682604,0.23687151377,0.653522561486,0.125137871435,0.472352731662,0.900338585261,0.164516522948,0.868104335632,0.406673052976,0.268017740706,0.684668788421,0.156284098371,0.503498958598,0.931484812196,0.195662749883,0.899250562568